Open,High,Low,Close,Volume,Timestamp
46212.06,46266.73,46208.24,46245.79,0.354754,2022-01-01T00:00:00Z
46233.95,46323.35,46225.56,46303.73,0.393746,2022-01-01T00:01:00Z
46312.26,46370.48,46305.75,46370.21,0.846843,2022-01-01T00:02:00Z
46358.23,46379.75,46309.69,46333.78,0.313366,2022-01-01T00:03:00Z
46328.07,46331.98,46300,46322.71,0.124923,2022-01-01T00:04:00Z
46320.29,46426.94,46281.53,46419.48,1.380022,2022-01-01T00:05:00Z
46428.57,46485.65,46428.57,46485.65,0.040086,2022-01-01T00:06:00Z
46499.99,46499.99,46426.32,46426.32,0.297775,2022-01-01T00:07:00Z
46428.35,46428.35,46368.14,46381.36,1.295417,2022-01-01T00:08:00Z
46393.29,46397.72,46342.69,46355.66,0.439032,2022-01-01T00:09:00Z
46360.29,46381.57,46337.91,46364.03,0.221574,2022-01-01T00:10:00Z
46376.56,46376.56,46283.85,46302.94,0.688761,2022-01-01T00:11:00Z
46296.4,46296.4,46272.8,46278.02,0.128409,2022-01-01T00:12:00Z
46279,46350.66,46279,46312.33,0.879335,2022-01-01T00:13:00Z
46325.03,46332.39,46303.05,46320.83,0.352074,2022-01-01T00:14:00Z
46316.56,46321.8,46305.67,46321.8,0.212265,2022-01-01T00:15:00Z
46314.29,46315.29,46297.94,46312.79,0.261276,2022-01-01T00:16:00Z
46307.02,46307.02,46264.82,46272.62,0.254202,2022-01-01T00:17:00Z
46272.88,46274.03,46253.29,46267.01,0.317573,2022-01-01T00:18:00Z
46265.18,46276.24,46221.95,46268.18,0.977017,2022-01-01T00:19:00Z
46273.35,46312.22,46268.67,46306.97,0.290226,2022-01-01T00:20:00Z
46309.29,46376.89,46276.49,46376.89,0.359633,2022-01-01T00:21:00Z
46369.55,46400.12,46364.86,46385.98,0.102595,2022-01-01T00:22:00Z
46376.83,46393.6,46353.39,46353.39,0.087891,2022-01-01T00:23:00Z
46366.34,46387.25,46366.34,46387.25,0.297024,2022-01-01T00:24:00Z
46379.74,46386.18,46371.44,46373.08,0.119719,2022-01-01T00:25:00Z
46375.54,46375.54,46373.36,46373.36,0.011713,2022-01-01T00:26:00Z
46377,46377,46343.58,46346.74,0.472225,2022-01-01T00:27:00Z
46353.51,46370.24,46347.65,46347.65,0.355879,2022-01-01T00:28:00Z
46345.95,46349.06,46332.05,46349.06,0.641638,2022-01-01T00:29:00Z
46369.3,46369.3,46354.44,46354.44,0.100173,2022-01-01T00:30:00Z
46354.37,46354.91,46344.97,46354.91,0.782088,2022-01-01T00:31:00Z
46354.4,46371.62,46340.33,46369.3,0.971861,2022-01-01T00:32:00Z
46371.62,46373.08,46359.37,46367.19,0.544833,2022-01-01T00:33:00Z
46362.81,46437.74,46362.81,46437.74,1.11301,2022-01-01T00:34:00Z
46433.94,46476.46,46433.94,46463.01,0.190987,2022-01-01T00:35:00Z
46463.01,46485.65,46456.23,46485.65,0.855096,2022-01-01T00:36:00Z
46487.01,46501.8,46463.62,46497.67,0.624575,2022-01-01T00:37:00Z
46500.65,46507.62,46489.07,46489.07,0.302741,2022-01-01T00:38:00Z
46493.17,46577.44,46493.17,46524.98,0.406711,2022-01-01T00:39:00Z
46518.63,46547.19,46506.69,46533.9,0.235356,2022-01-01T00:40:00Z
46556.3,46635.21,46544.17,46635.21,0.278637,2022-01-01T00:41:00Z
46615.21,46666.66,46615.21,46661.52,0.301078,2022-01-01T00:42:00Z
46637.79,46663.25,46633.65,46663.25,0.023162,2022-01-01T00:43:00Z
46646.59,46646.59,46582,46582,1.138671,2022-01-01T00:44:00Z
46595.33,46624.07,46565.82,46624.07,0.14896,2022-01-01T00:45:00Z
46624.19,46632.81,46609.2,46626.61,0.100184,2022-01-01T00:46:00Z
46635,46655.37,46626.61,46655.37,1.238896,2022-01-01T00:47:00Z
46666.66,46719.42,46655.42,46701.4,0.525134,2022-01-01T00:48:00Z
46719.87,46729.39,46678.92,46678.92,2.512225,2022-01-01T00:49:00Z
46684.49,46729.39,46678.48,46688.11,0.679098,2022-01-01T00:50:00Z
46693.73,46709.35,46684.92,46684.92,0.088691,2022-01-01T00:51:00Z
46679.66,46680.52,46637.34,46649.11,0.229336,2022-01-01T00:52:00Z
46665,46665.03,46642.12,46645.48,0.227011,2022-01-01T00:53:00Z
46639.88,46705.03,46639.88,46658.2,0.781703,2022-01-01T00:54:00Z
46663.33,46667.1,46648.74,46667.1,0.2977,2022-01-01T00:55:00Z
46669.78,46681.78,46658.18,46681.78,0.050744,2022-01-01T00:56:00Z
46667.57,46685.56,46666.35,46684.08,0.08953,2022-01-01T00:57:00Z
46683.3,46685.57,46664.98,46667.03,0.248624,2022-01-01T00:58:00Z
46662.04,46669.36,46640.67,46651.01,0.387242,2022-01-01T00:59:00Z
46651.01,46662.61,46637.38,46637.91,0.633017,2022-01-01T01:00:00Z
46647.4,46649.77,46588.88,46588.88,0.366602,2022-01-01T01:01:00Z
46599.52,46611.33,46574.11,46592.41,0.328996,2022-01-01T01:02:00Z
46617.32,46617.32,46567.72,46567.72,0.074966,2022-01-01T01:03:00Z
46571.69,46587.69,46560.53,46560.53,0.555708,2022-01-01T01:04:00Z
46573.85,46596.91,46573.79,46581.05,0.035217,2022-01-01T01:05:00Z
46602.43,46615.71,46582.63,46615.71,1.225774,2022-01-01T01:06:00Z
46613.67,46630.19,46603.65,46625.54,0.25161,2022-01-01T01:07:00Z
46634.96,46668.37,46631.06,46646.45,0.290388,2022-01-01T01:08:00Z
46657.83,46669.33,46642.33,46656,0.063466,2022-01-01T01:09:00Z
46673.99,46725.23,46673.99,46725.23,1.370722,2022-01-01T01:10:00Z
46725.19,46725.19,46684.83,46724.76,1.109563,2022-01-01T01:11:00Z
46724.97,46763.9,46724.92,46732.07,0.736308,2022-01-01T01:12:00Z
46718.13,46742.47,46718.13,46742.47,0.407666,2022-01-01T01:13:00Z
46735.38,46764.24,46735.38,46764.24,0.056011,2022-01-01T01:14:00Z
46764.24,46777.76,46750.25,46763.65,0.453062,2022-01-01T01:15:00Z
46777.77,46835.21,46777.77,46828.16,0.722552,2022-01-01T01:16:00Z
46835.88,46887.99,46835.88,46864.75,0.70725,2022-01-01T01:17:00Z
46850.01,46863.69,46826.68,46853.28,0.316577,2022-01-01T01:18:00Z
46868.02,46888,46856.64,46879.91,0.172036,2022-01-01T01:19:00Z
46879.91,46930.01,46872.11,46899.52,1.262248,2022-01-01T01:20:00Z
46900.51,46900.51,46865.94,46876.11,0.222247,2022-01-01T01:21:00Z
46872.13,46872.13,46820.09,46820.09,0.480094,2022-01-01T01:22:00Z
46827.97,46876.21,46827.97,46850.77,0.153435,2022-01-01T01:23:00Z
46849.48,46849.48,46800.22,46830.63,0.284864,2022-01-01T01:24:00Z
46858.7,46865.37,46805.62,46811.55,0.296722,2022-01-01T01:25:00Z
46809.31,46814.04,46782.62,46790.52,0.209876,2022-01-01T01:26:00Z
46832.84,46832.84,46783.16,46790.62,0.17754,2022-01-01T01:27:00Z
46798.54,46807.24,46789.76,46804.3,0.030043,2022-01-01T01:28:00Z
46785.92,46799.68,46782,46799.68,0.330915,2022-01-01T01:29:00Z
46812.19,46832.19,46795,46823.68,0.264846,2022-01-01T01:30:00Z
46829.39,46829.4,46811.3,46815.54,0.186775,2022-01-01T01:31:00Z
46810.74,46845.29,46810.74,46845.16,0.070207,2022-01-01T01:32:00Z
46847.35,46861.75,46835.69,46845.16,0.15775,2022-01-01T01:33:00Z
46845.16,46854.32,46827.92,46840.28,0.087372,2022-01-01T01:34:00Z
46838.76,46861.65,46837.94,46853.04,1.116366,2022-01-01T01:35:00Z
46856.71,46881.23,46852.65,46872.3,0.036769,2022-01-01T01:36:00Z
46866.9,46866.9,46830.82,46833.92,0.298026,2022-01-01T01:37:00Z
46833.28,46842.15,46781.85,46785.07,0.600063,2022-01-01T01:38:00Z
46767.98,46805.01,46758.4,46805.01,0.169557,2022-01-01T01:39:00Z
46791.87,46791.87,46756.98,46758.61,0.383918,2022-01-01T01:40:00Z
46773.68,46780.83,46738.33,46738.33,0.301516,2022-01-01T01:41:00Z
46739.13,46764.28,46735.44,46758.19,0.243023,2022-01-01T01:42:00Z
46758.63,46764.28,46747.34,46753.07,0.268297,2022-01-01T01:43:00Z
46756.01,46765.72,46756.01,46765.72,0.135484,2022-01-01T01:44:00Z
46760.7,46770.57,46759.25,46769.95,0.037428,2022-01-01T01:45:00Z
46766.52,46766.52,46727.65,46740.3,0.254939,2022-01-01T01:46:00Z
46729.02,46733.97,46700,46733.97,1.887052,2022-01-01T01:47:00Z
46738.78,46775.26,46727.87,46775.26,1.648178,2022-01-01T01:48:00Z
46752.43,46783.5,46752.43,46768.17,1.80207,2022-01-01T01:49:00Z
46777.28,46777.28,46771.11,46771.11,0.013972,2022-01-01T01:50:00Z
46773.67,46853.26,46773.67,46853.26,0.671748,2022-01-01T01:51:00Z
46853.29,46862.09,46792.39,46796.05,0.904806,2022-01-01T01:52:00Z
46799.05,46813.36,46773.63,46784.63,0.118288,2022-01-01T01:53:00Z
46783.35,46823.99,46783.35,46822.85,0.156526,2022-01-01T01:54:00Z
46817.39,46823.95,46778.31,46778.31,0.405105,2022-01-01T01:55:00Z
46782.77,46803.79,46779.58,46803.79,0.204873,2022-01-01T01:56:00Z
46792.99,46792.99,46772.71,46772.71,0.014483,2022-01-01T01:57:00Z
46760.19,46796.96,46749.06,46796.96,0.118987,2022-01-01T01:58:00Z
46792.89,46803.72,46780.39,46780.39,0.161533,2022-01-01T01:59:00Z
46773.86,46814.44,46768.35,46814,0.094896,2022-01-01T02:00:00Z
46807.41,46813.85,46774.99,46781,0.209856,2022-01-01T02:01:00Z
46796.88,46809.36,46796.88,46809.36,0.04556,2022-01-01T02:02:00Z
46813.99,46822.82,46796.22,46813.5,1.258048,2022-01-01T02:03:00Z
46816.79,46822.32,46801.92,46819.7,0.197109,2022-01-01T02:04:00Z
46815.89,46822.32,46811.58,46811.58,0.092702,2022-01-01T02:05:00Z
46812.14,46830.09,46800.21,46823.74,0.040822,2022-01-01T02:06:00Z
46825.99,46862.43,46825.99,46838.79,0.495062,2022-01-01T02:07:00Z
46848.38,46848.38,46841.82,46841.82,0.013671,2022-01-01T02:08:00Z
46841.37,46870.78,46805.91,46811.55,1.327635,2022-01-01T02:09:00Z
46815.31,46825,46800,46825,0.07884,2022-01-01T02:10:00Z
46825,46836.78,46825,46831.43,0.155871,2022-01-01T02:11:00Z
46836.78,46867.88,46834.3,46858.58,1.093815,2022-01-01T02:12:00Z
46851.39,46857.2,46839.24,46853.81,0.061376,2022-01-01T02:13:00Z
46849.67,46855.13,46829.2,46842.97,0.118683,2022-01-01T02:14:00Z
46841.1,46917.01,46841.1,46901,0.254077,2022-01-01T02:15:00Z
46901,46909.92,46880.07,46907.41,1.2642,2022-01-01T02:16:00Z
46900,46914.15,46900,46910.88,0.157438,2022-01-01T02:17:00Z
46908.35,46910.88,46903.93,46904.93,0.098151,2022-01-01T02:18:00Z
46923.95,46926.3,46909.78,46921.86,0.355399,2022-01-01T02:19:00Z
46912.14,46914.47,46912.14,46912.31,0.197048,2022-01-01T02:20:00Z
46900,46900.31,46884.32,46896.39,0.639672,2022-01-01T02:21:00Z
46896.39,46902.82,46858.97,46865.64,0.083133,2022-01-01T02:22:00Z
46878.49,46881.45,46869.94,46870.82,0.082804,2022-01-01T02:23:00Z
46870.62,46883.94,46850.13,46850.13,0.012591,2022-01-01T02:24:00Z
46835,46835,46835,46835,0.025876,2022-01-01T02:25:00Z
46844.79,46853.67,46844.79,46853.67,0.003592,2022-01-01T02:26:00Z
46844.79,46847.14,46838.5,46843.1,0.034397,2022-01-01T02:27:00Z
46854.13,46854.13,46849.37,46849.37,0.002017,2022-01-01T02:28:00Z
46856.5,46865.02,46828.1,46832.13,0.034654,2022-01-01T02:29:00Z
46826.06,46831.35,46816.54,46822.47,0.157308,2022-01-01T02:30:00Z
46822.45,46822.45,46795.49,46804.99,0.331671,2022-01-01T02:31:00Z
46808.41,46808.41,46788.66,46788.66,0.044667,2022-01-01T02:32:00Z
46794.62,46794.62,46788.6,46788.6,2.362,2022-01-01T02:33:00Z
46794.62,46794.62,46785.19,46793.72,0.005485,2022-01-01T02:34:00Z
46787.9,46798.23,46787.9,46798.23,0.022218,2022-01-01T02:35:00Z
46798.23,46798.23,46724.49,46742.07,1.702315,2022-01-01T02:36:00Z
46744.96,46744.96,46718.02,46741.93,1.306241,2022-01-01T02:37:00Z
46741.98,46741.98,46733.76,46733.76,0.006802,2022-01-01T02:38:00Z
46739.16,46760.05,46739.16,46755.19,0.032868,2022-01-01T02:39:00Z
46760.86,46769.63,46758.75,46764.2,0.01118,2022-01-01T02:40:00Z
46763,46785.27,46763,46781.14,0.12378,2022-01-01T02:41:00Z
46777.47,46781.68,46767.78,46780.99,0.084918,2022-01-01T02:42:00Z
46780.99,46795.65,46780.99,46795.65,1.189003,2022-01-01T02:43:00Z
46796.06,46796.06,46773.01,46773.01,0.034979,2022-01-01T02:44:00Z
46778.22,46796.06,46778.22,46796.06,0.254939,2022-01-01T02:45:00Z
46800.24,46809.73,46796.73,46809.73,0.007179,2022-01-01T02:46:00Z
46809.96,46835.31,46809.96,46823.19,0.074862,2022-01-01T02:47:00Z
46822.38,46822.38,46814.99,46814.99,0.002101,2022-01-01T02:48:00Z
46815.12,46815.12,46805,46805,0.033277,2022-01-01T02:49:00Z
46805,46805,46778.62,46778.62,0.014809,2022-01-01T02:50:00Z
46796.31,46818.56,46796.31,46818.56,0.020338,2022-01-01T02:51:00Z
46816.53,46818.57,46810.34,46810.34,0.055908,2022-01-01T02:52:00Z
46821.22,46823.88,46816.12,46823.88,0.007432,2022-01-01T02:53:00Z
46823.88,46823.88,46821.06,46823.26,0.016107,2022-01-01T02:54:00Z
46824.79,46829.45,46824.79,46829.45,0.044959,2022-01-01T02:55:00Z
46846.53,46855.77,46825,46855.77,0.050175,2022-01-01T02:56:00Z
46855.76,46855.76,46775.49,46775.49,0.295203,2022-01-01T02:57:00Z
46761.92,46792.8,46761.92,46792.8,0.15762,2022-01-01T02:58:00Z
46815.5,46815.5,46795.55,46809.99,0.070843,2022-01-01T02:59:00Z
46817.49,46825,46798.62,46815.23,0.03421,2022-01-01T03:00:00Z
46807.48,46815.27,46807.48,46813.78,0.111177,2022-01-01T03:01:00Z
46801.05,46814.69,46798.95,46798.95,0.016946,2022-01-01T03:02:00Z
46776.75,46785.06,46760,46769.97,0.189252,2022-01-01T03:03:00Z
46760,46797.59,46750,46788.29,0.074245,2022-01-01T03:04:00Z
46794.38,46794.38,46775.3,46775.3,0.028514,2022-01-01T03:05:00Z
46786.8,46787.94,46779.22,46787.94,2.332787,2022-01-01T03:06:00Z
46799.99,46815.54,46795.68,46801.09,0.301208,2022-01-01T03:07:00Z
46801.09,46807,46797.4,46797.4,0.288753,2022-01-01T03:08:00Z
46797.4,46818.13,46785.64,46811,0.246888,2022-01-01T03:09:00Z
46820.63,46850.95,46819.23,46839.67,0.242566,2022-01-01T03:10:00Z
46836.19,46836.19,46828.1,46828.1,0.044252,2022-01-01T03:11:00Z
46811,46828.1,46807.92,46828.1,0.016263,2022-01-01T03:12:00Z
46827.51,46836.17,46809.49,46810.09,0.024492,2022-01-01T03:13:00Z
46804.24,46820.67,46804.24,46820.67,0.015524,2022-01-01T03:14:00Z
46816.4,46840.4,46796.65,46840.4,1.710585,2022-01-01T03:15:00Z
46843.01,46882.18,46842.29,46882.18,0.057499,2022-01-01T03:16:00Z
46872.19,46888.19,46872.19,46888.19,0.032359,2022-01-01T03:17:00Z
46873.48,46873.48,46872.57,46872.57,0.01,2022-01-01T03:18:00Z
46874.91,46888.08,46865.23,46873.41,0.389775,2022-01-01T03:19:00Z
46877.51,46887.25,46850.95,46854.56,0.438655,2022-01-01T03:20:00Z
46860.34,46868.03,46853.36,46868.03,0.01763,2022-01-01T03:21:00Z
46862.53,46862.53,46849.26,46853.5,0.056506,2022-01-01T03:22:00Z
46847.04,46847.04,46806.83,46806.83,0.202049,2022-01-01T03:23:00Z
46800,46800,46777.25,46788.61,1.388195,2022-01-01T03:24:00Z
46793.64,46816.12,46793.64,46812.11,0.018965,2022-01-01T03:25:00Z
46812.12,46812.12,46803.84,46805.82,0.12428,2022-01-01T03:26:00Z
46805.82,46805.82,46793.33,46804.02,0.029342,2022-01-01T03:27:00Z
46804,46822.73,46804,46820.38,0.153074,2022-01-01T03:28:00Z
46820.38,46831.2,46806.67,46806.67,0.105385,2022-01-01T03:29:00Z
46812.39,46836.65,46810.85,46833.58,0.032844,2022-01-01T03:30:00Z
46836.78,46837.93,46836.78,46837.93,0.000424,2022-01-01T03:31:00Z
46816.2,46816.2,46813.5,46813.5,0.115571,2022-01-01T03:32:00Z
46806.44,46840.78,46806.44,46831.25,0.431768,2022-01-01T03:33:00Z
46845.44,46853.17,46845.44,46848.19,0.007201,2022-01-01T03:34:00Z
46844.12,46844.12,46825.28,46837.96,0.014664,2022-01-01T03:35:00Z
46849.65,46865.05,46849.65,46857.6,0.036725,2022-01-01T03:36:00Z
46860.14,46860.14,46854.16,46854.16,0.003978,2022-01-01T03:37:00Z
46854.72,46854.72,46830.86,46830.86,0.246597,2022-01-01T03:38:00Z
46828.11,46848.04,46828.11,46848.04,0.033517,2022-01-01T03:39:00Z
46843.18,46843.18,46831.18,46831.18,0.055906,2022-01-01T03:40:00Z
46842.14,46876.63,46831.18,46831.18,1.856581,2022-01-01T03:41:00Z
46863.28,46873.15,46861.81,46872.91,0.094776,2022-01-01T03:42:00Z
46866.13,46888.19,46864.28,46887.51,0.169681,2022-01-01T03:43:00Z
46879.42,46879.53,46859.41,46873.37,0.057807,2022-01-01T03:44:00Z
46875.83,46875.83,46873.6,46873.64,0.139829,2022-01-01T03:45:00Z
46872.83,46884.03,46872.83,46884.03,0.008007,2022-01-01T03:46:00Z
46870,46870,46854.13,46858.84,0.2594,2022-01-01T03:47:00Z
46849.19,46870,46849.19,46861.99,0.263836,2022-01-01T03:48:00Z
46861.99,46861.99,46832.38,46832.38,0.007626,2022-01-01T03:49:00Z
46825.28,46825.28,46813.61,46813.61,0.119261,2022-01-01T03:50:00Z
46813.5,46817.2,46813.5,46817.2,0.072854,2022-01-01T03:51:00Z
46818.18,46831.73,46806.94,46806.94,0.047457,2022-01-01T03:52:00Z
46814.75,46832.6,46814.75,46832.6,0.038628,2022-01-01T03:53:00Z
46844.52,46849.83,46844.52,46849.34,0.08949,2022-01-01T03:54:00Z
46862.24,46862.45,46849.34,46857.7,0.483714,2022-01-01T03:55:00Z
46853.07,46853.07,46847.61,46851.52,0.096582,2022-01-01T03:56:00Z
46854.11,46854.11,46812.2,46814.5,0.551922,2022-01-01T03:57:00Z
46815.97,46815.97,46808.18,46813.32,0.005871,2022-01-01T03:58:00Z
46808.18,46813.07,46795.43,46795.43,0.203911,2022-01-01T03:59:00Z
46797.98,46838.71,46797.96,46838.71,1.062531,2022-01-01T04:00:00Z
46838.71,46848.51,46836.96,46837.43,0.075159,2022-01-01T04:01:00Z
46846.64,46846.64,46835,46838.56,0.054842,2022-01-01T04:02:00Z
46839.66,46849.91,46839.66,46849.91,0.010389,2022-01-01T04:03:00Z
46849.91,46864.21,46843.93,46860.16,0.015159,2022-01-01T04:04:00Z
46864,46870.53,46864,46864,0.202638,2022-01-01T04:05:00Z
46871.73,46875.38,46836.92,46836.92,0.505104,2022-01-01T04:06:00Z
46835.27,46861.51,46835.27,46848.71,0.055206,2022-01-01T04:07:00Z
46842.56,46842.56,46830.05,46835.57,0.126156,2022-01-01T04:08:00Z
46839.58,46855.43,46825.32,46825.32,0.035325,2022-01-01T04:09:00Z
46830.74,46837.97,46824.23,46837.97,0.003658,2022-01-01T04:10:00Z
46844.57,46844.78,46837.97,46844.78,0.111349,2022-01-01T04:11:00Z
46842.51,46842.51,46793.38,46793.38,0.310663,2022-01-01T04:12:00Z
46788.74,46810.26,46760.05,46768.82,0.344248,2022-01-01T04:13:00Z
46769.91,46769.91,46630.43,46630.43,3.23867,2022-01-01T04:14:00Z
46652.47,46704.35,46652.47,46704.35,0.025197,2022-01-01T04:15:00Z
46683.62,46688.76,46658.41,46687.08,0.75145,2022-01-01T04:16:00Z
46667.61,46687.07,46659.86,46659.86,0.168789,2022-01-01T04:17:00Z
46659.86,46659.86,46629.26,46629.26,0.110285,2022-01-01T04:18:00Z
46629.26,46635.18,46629.26,46632.81,0.05813,2022-01-01T04:19:00Z
46637.35,46674.91,46637.35,46674.91,0.053688,2022-01-01T04:20:00Z
46687.08,46694.01,46659.93,46659.93,0.150402,2022-01-01T04:21:00Z
46665.73,46703.58,46665.73,46693.19,0.339468,2022-01-01T04:22:00Z
46686.65,46686.65,46651.86,46667.6,0.257191,2022-01-01T04:23:00Z
46666.65,46666.65,46650.19,46664.99,0.149326,2022-01-01T04:24:00Z
46669.25,46696.61,46669.25,46675.27,0.486834,2022-01-01T04:25:00Z
46677.48,46714.62,46675.65,46714.62,0.27338,2022-01-01T04:26:00Z
46714.62,46714.62,46686.52,46686.52,0.354441,2022-01-01T04:27:00Z
46696.11,46709.94,46692.85,46706.28,0.287541,2022-01-01T04:28:00Z
46706.28,46706.28,46693.85,46702.24,0.864775,2022-01-01T04:29:00Z
46694.97,46697.36,46677.77,46683.83,0.055117,2022-01-01T04:30:00Z
46682.09,46695.57,46680.57,46680.86,0.526848,2022-01-01T04:31:00Z
46667.19,46685.58,46667.19,46685.58,0.01465,2022-01-01T04:32:00Z
46681.13,46681.13,46670.64,46670.64,1.135428,2022-01-01T04:33:00Z
46675.31,46680.86,46654.06,46654.06,0.182048,2022-01-01T04:34:00Z
46656.14,46657.71,46631.95,46632.43,0.258512,2022-01-01T04:35:00Z
46643.28,46662.71,46643.28,46651.24,0.054278,2022-01-01T04:36:00Z
46651.28,46651.28,46626.68,46648,1.099946,2022-01-01T04:37:00Z
46648,46669.7,46648,46658.12,0.072404,2022-01-01T04:38:00Z
46672.12,46685.58,46672.12,46673.23,0.308191,2022-01-01T04:39:00Z
46683.24,46700,46659.92,46700,0.611827,2022-01-01T04:40:00Z
46703.4,46718.62,46701.87,46718.62,0.148129,2022-01-01T04:41:00Z
46733.69,46733.69,46727.95,46727.95,0.025108,2022-01-01T04:42:00Z
46743.58,46743.58,46733.76,46742.78,0.18538,2022-01-01T04:43:00Z
46756.91,46756.91,46725,46741.15,0.410976,2022-01-01T04:44:00Z
46752.62,46771.24,46752.62,46768.74,0.421446,2022-01-01T04:45:00Z
46785.83,46793.86,46746.54,46746.54,0.663001,2022-01-01T04:46:00Z
46776.58,46790.34,46765.84,46765.84,1.249958,2022-01-01T04:47:00Z
46771.75,46774.21,46753.35,46753.35,0.376654,2022-01-01T04:48:00Z
46764.06,46804.83,46761.69,46804.83,0.152835,2022-01-01T04:49:00Z
46812.56,46821.32,46798.43,46800.03,0.193924,2022-01-01T04:50:00Z
46803.27,46818.32,46793.04,46806.44,0.224003,2022-01-01T04:51:00Z
46803.21,46823.57,46803.21,46822.98,0.027772,2022-01-01T04:52:00Z
46807.69,46818.54,46807.34,46808.2,1.593404,2022-01-01T04:53:00Z
46805.96,46817.42,46800,46800.44,1.491164,2022-01-01T04:54:00Z
46798.85,46798.85,46741.76,46741.76,1.79102,2022-01-01T04:55:00Z
46763.55,46774.87,46715.22,46741.11,1.352023,2022-01-01T04:56:00Z
46751.31,46751.31,46715.22,46715.22,0.296822,2022-01-01T04:57:00Z
46714.74,46721.5,46680.84,46680.84,2.429747,2022-01-01T04:58:00Z
46709.79,46719.38,46695.63,46704.12,0.475299,2022-01-01T04:59:00Z
46700.87,46720.54,46682.05,46720.54,0.057888,2022-01-01T05:00:00Z
46725.1,46738.82,46706.35,46722.67,0.293152,2022-01-01T05:01:00Z
46721.13,46725,46710.32,46717.25,0.910054,2022-01-01T05:02:00Z
46714.88,46714.88,46692.09,46713.34,0.036935,2022-01-01T05:03:00Z
46704.99,46712.52,46660,46697.29,4.962942,2022-01-01T05:04:00Z
46697.08,46697.08,46677.31,46677.31,0.237403,2022-01-01T05:05:00Z
46669.03,46677.4,46669.03,46677.4,0.055051,2022-01-01T05:06:00Z
46677.4,46696.95,46677.4,46694.27,0.026373,2022-01-01T05:07:00Z
46689.91,46692.73,46684.46,46684.46,0.038102,2022-01-01T05:08:00Z
46688.31,46700,46678.25,46678.25,1.032547,2022-01-01T05:09:00Z
46680.48,46694.74,46680.45,46686.42,0.014683,2022-01-01T05:10:00Z
46693.44,46717.54,46693.44,46717.54,0.66498,2022-01-01T05:11:00Z
46725.51,46725.51,46696.93,46696.93,0.082981,2022-01-01T05:12:00Z
46700.19,46748,46700.15,46748,0.216414,2022-01-01T05:13:00Z
46744.97,46803.96,46718.39,46768.57,2.991092,2022-01-01T05:14:00Z
46762.05,46778.13,46760.35,46771.27,0.058212,2022-01-01T05:15:00Z
46770.56,46776.33,46763.28,46763.28,0.089796,2022-01-01T05:16:00Z
46772.57,46815.43,46772.57,46815.43,0.418035,2022-01-01T05:17:00Z
46816.53,46824.98,46804.63,46821.99,0.706386,2022-01-01T05:18:00Z
46822.46,46822.46,46799.73,46799.73,0.096196,2022-01-01T05:19:00Z
46807.72,46885.08,46807.72,46884.62,0.162542,2022-01-01T05:20:00Z
46875.95,46893.72,46870.92,46893.72,0.256093,2022-01-01T05:21:00Z
46894.34,47081.6,46894.34,47027.99,2.730572,2022-01-01T05:22:00Z
47046.12,47244.89,47045.98,47193.23,2.153026,2022-01-01T05:23:00Z
47219.43,47448.27,47213.9,47434.21,1.195926,2022-01-01T05:24:00Z
47417.42,47458.47,47346.8,47368.14,0.983628,2022-01-01T05:25:00Z
47368.14,47397.19,47329.4,47397.19,1.518677,2022-01-01T05:26:00Z
47420.26,47482.77,47399.03,47443.26,0.478184,2022-01-01T05:27:00Z
47443.26,47451.31,47360.26,47375.94,0.688802,2022-01-01T05:28:00Z
47377.67,47392.06,47370.33,47385.45,0.184105,2022-01-01T05:29:00Z
47397.19,47547.36,47397.19,47487.96,1.779946,2022-01-01T05:30:00Z
47480.59,47493.78,47432.06,47455.51,1.274757,2022-01-01T05:31:00Z
47466.75,47502.91,47466.75,47476.7,0.893089,2022-01-01T05:32:00Z
47466.75,47496.66,47462.45,47494.36,1.671333,2022-01-01T05:33:00Z
47500,47524.11,47474.76,47474.76,1.748078,2022-01-01T05:34:00Z
47474.76,47505.64,47473.33,47505.64,1.884719,2022-01-01T05:35:00Z
47507.85,47524.99,47491.26,47491.26,0.282294,2022-01-01T05:36:00Z
47498.08,47522.99,47457.33,47465.85,0.553698,2022-01-01T05:37:00Z
47461.84,47468.68,47402.62,47468.68,4.426529,2022-01-01T05:38:00Z
47455.42,47501.12,47455.42,47474.54,0.237364,2022-01-01T05:39:00Z
47467.92,47470.03,47454.29,47458.82,0.206116,2022-01-01T05:40:00Z
47454.95,47454.95,47331.57,47331.57,0.5553,2022-01-01T05:41:00Z
47307.24,47307.24,47241.12,47262.95,0.237975,2022-01-01T05:42:00Z
47266.99,47301.83,47265.32,47300.56,0.269989,2022-01-01T05:43:00Z
47324.97,47330.64,47306.73,47306.73,0.050408,2022-01-01T05:44:00Z
47287.44,47287.44,47191.19,47207,0.106734,2022-01-01T05:45:00Z
47247.53,47257.66,47246.61,47246.61,0.005686,2022-01-01T05:46:00Z
47231.57,47231.57,47200.64,47203.45,0.054173,2022-01-01T05:47:00Z
47195.67,47206.67,47184.37,47184.37,0.103875,2022-01-01T05:48:00Z
47193.61,47267.77,47193.61,47235.96,0.330911,2022-01-01T05:49:00Z
47235.96,47235.96,47189.01,47193.25,0.019461,2022-01-01T05:50:00Z
47200,47238.52,47200,47208.56,0.117111,2022-01-01T05:51:00Z
47224.92,47265.57,47224.92,47253.4,0.696854,2022-01-01T05:52:00Z
47248.84,47276.27,47248.84,47274.14,0.25191,2022-01-01T05:53:00Z
47292.28,47301.19,47262.65,47270.51,0.073955,2022-01-01T05:54:00Z
47262.65,47291.11,47261.85,47261.85,0.235242,2022-01-01T05:55:00Z
47232.42,47232.42,47159.33,47165.28,0.256044,2022-01-01T05:56:00Z
47166.91,47179.27,47141,47179.27,0.416412,2022-01-01T05:57:00Z
47181.16,47211.77,47181.16,47188.43,0.023155,2022-01-01T05:58:00Z
47183.54,47207.65,47181.16,47200.02,0.239322,2022-01-01T05:59:00Z
47190.56,47241.08,47190.56,47205.56,0.277574,2022-01-01T06:00:00Z
47195.67,47197.86,47160.47,47160.47,0.290478,2022-01-01T06:01:00Z
47171.25,47195.35,47162.8,47165.52,0.325988,2022-01-01T06:02:00Z
47170.46,47170.46,47122.21,47163.8,1.495409,2022-01-01T06:03:00Z
47156.13,47156.13,47119.92,47119.92,0.047301,2022-01-01T06:04:00Z
47115.8,47135.66,47108.32,47135.66,0.101047,2022-01-01T06:05:00Z
47163.29,47171.8,47163.29,47169.26,0.02848,2022-01-01T06:06:00Z
47183.59,47183.59,47156.06,47160.78,0.149213,2022-01-01T06:07:00Z
47197.05,47200.22,47173.87,47195.37,0.032517,2022-01-01T06:08:00Z
47223.48,47280.38,47214.99,47261.43,1.107133,2022-01-01T06:09:00Z
47260.56,47274.73,47249.63,47256.68,0.447922,2022-01-01T06:10:00Z
47254.54,47293.17,47254.54,47279.9,0.524286,2022-01-01T06:11:00Z
47285.05,47296.36,47285.05,47292.61,0.436366,2022-01-01T06:12:00Z
47304.36,47331.57,47289.87,47298.17,0.431638,2022-01-01T06:13:00Z
47305,47329.75,47298.19,47311.32,0.123459,2022-01-01T06:14:00Z
47298.17,47298.17,47268.08,47274.36,1.131971,2022-01-01T06:15:00Z
47270.62,47276.34,47266.68,47266.68,0.192835,2022-01-01T06:16:00Z
47244.45,47260.51,47217.36,47231.96,0.367331,2022-01-01T06:17:00Z
47223.9,47223.9,47203.41,47203.41,0.307636,2022-01-01T06:18:00Z
47197.36,47209.46,47190.28,47209.46,0.040213,2022-01-01T06:19:00Z
47208.81,47223.15,47208.81,47223.15,0.006309,2022-01-01T06:20:00Z
47228.06,47228.06,47205.48,47205.48,0.021037,2022-01-01T06:21:00Z
47214.56,47214.56,47181.73,47194.09,0.079137,2022-01-01T06:22:00Z
47190.37,47190.37,47169.77,47169.89,0.050688,2022-01-01T06:23:00Z
47185.98,47193.5,47175.65,47175.65,0.050424,2022-01-01T06:24:00Z
47168.79,47168.79,47132.73,47141.77,0.046158,2022-01-01T06:25:00Z
47151.18,47154.15,47130,47130,0.011686,2022-01-01T06:26:00Z
47135.2,47182.54,47135.2,47175.11,1.043019,2022-01-01T06:27:00Z
47162.53,47162.53,47140.74,47140.74,0.068047,2022-01-01T06:28:00Z
47140.74,47140.74,47110.01,47128.82,0.233571,2022-01-01T06:29:00Z
47136.05,47136.05,47120.78,47120.78,0.030504,2022-01-01T06:30:00Z
47117.33,47118.99,47116.07,47118.99,0.008202,2022-01-01T06:31:00Z
47115.83,47115.83,47115.83,47115.83,0.00192,2022-01-01T06:32:00Z
47124.44,47146.39,47118.81,47144.9,0.031221,2022-01-01T06:33:00Z
47145.46,47178.19,47144.27,47152.82,0.588788,2022-01-01T06:34:00Z
47142.72,47162.94,47141.23,47162.94,0.037059,2022-01-01T06:35:00Z
47191.19,47191.19,47188.32,47190.91,0.021058,2022-01-01T06:36:00Z
47169.1,47176.25,47143.51,47148.02,0.125932,2022-01-01T06:37:00Z
47146.92,47146.92,47146.92,47146.92,0.00103,2022-01-01T06:38:00Z
47144.82,47144.82,47124.62,47132.97,0.254792,2022-01-01T06:39:00Z
47137.91,47179.69,47137.91,47179.69,0.010332,2022-01-01T06:40:00Z
47159.77,47174.7,47150.52,47155.26,0.277704,2022-01-01T06:41:00Z
47155.23,47169.76,47155.23,47169.76,0.02013,2022-01-01T06:42:00Z
47197.12,47197.12,47170.4,47171.99,0.064966,2022-01-01T06:43:00Z
47178.82,47178.82,47145.79,47155.55,0.282275,2022-01-01T06:44:00Z
47160.87,47173.88,47129.26,47173.88,0.447901,2022-01-01T06:45:00Z
47205.48,47227.69,47185.14,47191.49,0.377916,2022-01-01T06:46:00Z
47189.42,47189.42,47070.34,47070.34,1.440215,2022-01-01T06:47:00Z
47069.14,47069.14,47039.09,47066.75,0.353612,2022-01-01T06:48:00Z
47071.15,47101.14,47050.61,47101.14,0.847045,2022-01-01T06:49:00Z
47062.37,47062.37,47026.48,47026.48,0.010443,2022-01-01T06:50:00Z
47033.54,47051.56,47033.54,47051.56,0.020779,2022-01-01T06:51:00Z
47079.3,47079.3,47070.81,47070.81,0.008291,2022-01-01T06:52:00Z
47058.61,47058.61,46996.76,47039.34,2.699167,2022-01-01T06:53:00Z
47038.47,47049.93,47031.25,47047.44,0.027374,2022-01-01T06:54:00Z
47037.78,47043.7,47032.63,47041.61,0.009606,2022-01-01T06:55:00Z
47041.61,47083.23,47041.61,47062.04,0.046307,2022-01-01T06:56:00Z
47078.18,47106.43,47078.18,47106.43,0.24163,2022-01-01T06:57:00Z
47108.48,47108.91,47078.15,47089.26,0.375833,2022-01-01T06:58:00Z
47091.55,47091.55,46944.34,46970.61,2.444028,2022-01-01T06:59:00Z
47006.87,47011.39,46991.06,47011.39,0.144574,2022-01-01T07:00:00Z
47010.14,47010.14,46938.77,46953.24,0.184111,2022-01-01T07:01:00Z
46954.65,46992.09,46954.65,46971.98,0.625424,2022-01-01T07:02:00Z
46977.1,47007.88,46967.69,47004.44,0.018418,2022-01-01T07:03:00Z
46987.3,47051.24,46987.3,47051.24,0.428282,2022-01-01T07:04:00Z
47047.03,47047.03,47010.34,47029.88,0.459256,2022-01-01T07:05:00Z
47023.62,47036.31,47023.62,47036.31,0.023861,2022-01-01T07:06:00Z
47029.09,47031.9,47019.61,47023.91,0.021823,2022-01-01T07:07:00Z
47010.96,47017.04,46905.94,46935.85,2.722111,2022-01-01T07:08:00Z
46943.24,46956.17,46943.24,46953.92,0.010426,2022-01-01T07:09:00Z
46966.83,46978.72,46948.85,46950.09,0.382354,2022-01-01T07:10:00Z
46960.07,46970.85,46960.07,46970.85,0.0062,2022-01-01T07:12:00Z
46970.62,46970.62,46936.58,46951.54,0.102239,2022-01-01T07:13:00Z
46963.77,46989.81,46959.63,46989.81,0.023761,2022-01-01T07:14:00Z
46986.75,46989.81,46980.52,46980.52,0.039912,2022-01-01T07:15:00Z
46993.56,47002.88,46993.56,47002.88,0.343621,2022-01-01T07:16:00Z
47017.64,47017.64,47008.08,47015.76,0.092673,2022-01-01T07:17:00Z
47019.8,47036.68,47019.8,47036.68,0.176487,2022-01-01T07:18:00Z
47035.76,47038.83,47003.74,47029.33,0.341655,2022-01-01T07:19:00Z
47029.67,47037.71,47029.67,47034.75,0.016854,2022-01-01T07:20:00Z
47042.93,47042.93,47034.38,47035.98,0.020216,2022-01-01T07:21:00Z
47027.31,47027.31,46989.43,46989.43,0.034176,2022-01-01T07:22:00Z
46978.57,46992.43,46959.78,46959.78,0.342189,2022-01-01T07:23:00Z
46967.69,46989.75,46967.69,46989.75,0.046954,2022-01-01T07:24:00Z
46992.85,47004.02,46992.85,47004.02,0.054913,2022-01-01T07:25:00Z
47001.66,47001.66,46976.39,46977.23,0.035783,2022-01-01T07:26:00Z
46973.37,46980.63,46968.39,46980.63,0.099441,2022-01-01T07:27:00Z
46977.78,46977.78,46952.37,46958.08,0.113144,2022-01-01T07:28:00Z
46951.21,46968.78,46949.5,46958.13,0.047268,2022-01-01T07:29:00Z
46951.97,46984.16,46947.42,46984.16,0.04797,2022-01-01T07:30:00Z
46984.16,46984.16,46973.09,46973.09,0.010436,2022-01-01T07:31:00Z
46972.03,46972.03,46972.03,46972.03,0.001977,2022-01-01T07:32:00Z
46959.83,46981.65,46959.83,46981.65,0.147861,2022-01-01T07:33:00Z
46987.87,46998.75,46984.43,46984.43,0.021215,2022-01-01T07:34:00Z
46990.77,46990.77,46971.89,46978.58,1.117513,2022-01-01T07:35:00Z
46976,46984.11,46976,46984.11,0.015333,2022-01-01T07:36:00Z
46996.15,47036.59,46996.15,47021.96,0.072051,2022-01-01T07:37:00Z
47035.93,47035.93,47001.55,47011.7,0.038287,2022-01-01T07:38:00Z
47001.55,47046.8,47001.55,47046.8,0.240094,2022-01-01T07:39:00Z
47055.48,47061.83,47034.37,47040.1,0.290173,2022-01-01T07:40:00Z
47055.34,47116.78,47055.34,47100.8,0.247421,2022-01-01T07:41:00Z
47100.07,47103.39,47091.39,47097.42,0.086631,2022-01-01T07:42:00Z
47080.37,47080.37,47074.56,47078.01,0.008208,2022-01-01T07:43:00Z
47072.05,47080.37,47072.05,47080.37,0.00538,2022-01-01T07:44:00Z
47094.32,47094.32,47073.44,47079.7,0.058018,2022-01-01T07:45:00Z
47077.33,47089.39,47077.33,47088.42,0.01685,2022-01-01T07:46:00Z
47085.07,47105.13,47078,47105.13,0.583185,2022-01-01T07:47:00Z
47122.91,47150.73,47120.6,47120.6,0.572024,2022-01-01T07:48:00Z
47097.02,47101.32,47090.49,47099.13,0.141843,2022-01-01T07:49:00Z
47099.13,47124.37,47099.13,47124.37,0.080609,2022-01-01T07:50:00Z
47130.28,47130.28,47097.28,47120.92,0.080977,2022-01-01T07:51:00Z
47132.64,47173.56,47132.64,47163.52,0.558716,2022-01-01T07:52:00Z
47160.39,47160.39,47111.5,47119.59,0.025248,2022-01-01T07:53:00Z
47111.54,47171.62,47111.54,47169.8,1.02673,2022-01-01T07:54:00Z
47169.8,47170.74,47116.45,47124.2,0.305722,2022-01-01T07:55:00Z
47127.11,47138.44,47127.11,47138.44,0.009399,2022-01-01T07:56:00Z
47141.39,47185.7,47136.62,47182.92,0.413432,2022-01-01T07:57:00Z
47160.95,47229.27,47126.56,47229.27,6.450912,2022-01-01T07:58:00Z
47229.44,47249.38,47209.59,47209.85,0.327499,2022-01-01T07:59:00Z
47207.42,47239.51,47176.04,47176.04,0.037532,2022-01-01T08:00:00Z
47176.29,47176.29,47126.56,47133.38,0.199678,2022-01-01T08:01:00Z
47124.2,47152.66,47124.2,47148.17,0.163693,2022-01-01T08:02:00Z
47144.36,47156.56,47133.29,47147.66,0.123261,2022-01-01T08:03:00Z
47140.06,47168.31,47140.06,47168.31,0.021479,2022-01-01T08:04:00Z
47168.31,47181.29,47155.11,47155.11,0.11194,2022-01-01T08:05:00Z
47155.33,47166,47140.06,47140.06,0.187824,2022-01-01T08:06:00Z
47124.2,47124.2,47091.15,47091.15,0.201455,2022-01-01T08:07:00Z
47096.52,47104.67,47095.98,47095.98,0.117263,2022-01-01T08:08:00Z
47096.72,47097.66,47096.72,47097.66,0.009083,2022-01-01T08:09:00Z
47090.12,47098.95,47090.12,47098.95,0.004952,2022-01-01T08:10:00Z
47107,47126.4,47107,47126.4,0.484247,2022-01-01T08:11:00Z
47115.63,47142.69,47115.63,47140.32,0.007661,2022-01-01T08:12:00Z
47126.15,47126.15,47090.47,47094.1,0.045681,2022-01-01T08:13:00Z
47105.71,47148.23,47105.71,47148.23,0.361362,2022-01-01T08:14:00Z
47166.81,47229.27,47166.81,47227.92,1.122533,2022-01-01T08:15:00Z
47234.26,47234.3,47234.26,47234.3,0.003158,2022-01-01T08:16:00Z
47278.12,47313.65,47278.12,47313.65,0.014783,2022-01-01T08:17:00Z
47286.94,47286.94,47286,47286,0.04626,2022-01-01T08:18:00Z
47286,47286,47260.52,47275.24,0.017991,2022-01-01T08:19:00Z
47281.96,47281.96,47249.8,47266.35,0.040371,2022-01-01T08:20:00Z
47249.91,47249.91,47230.54,47243.93,0.459176,2022-01-01T08:21:00Z
47243.97,47268.09,47230.58,47230.58,0.375819,2022-01-01T08:22:00Z
47219.61,47249.65,47219.61,47239.2,0.214286,2022-01-01T08:23:00Z
47235.84,47241.19,47235.84,47237.26,0.003045,2022-01-01T08:24:00Z
47245.89,47292.23,47245.89,47265.49,0.04639,2022-01-01T08:25:00Z
47265.49,47286.91,47265.49,47270.65,0.040864,2022-01-01T08:26:00Z
47275.34,47275.34,47259.52,47266.65,0.027356,2022-01-01T08:27:00Z
47264.95,47284.5,47264.95,47284.5,0.064111,2022-01-01T08:28:00Z
47291.83,47335.95,47291.21,47304.34,0.573136,2022-01-01T08:29:00Z
47298.79,47298.79,47251.53,47251.53,0.226449,2022-01-01T08:30:00Z
47254.79,47273.1,47254.79,47264.11,0.037823,2022-01-01T08:31:00Z
47262.27,47262.49,47255.28,47262.49,0.007539,2022-01-01T08:32:00Z
47258.49,47258.53,47220.6,47220.6,0.113724,2022-01-01T08:33:00Z
47217.12,47221.46,47212.85,47212.86,0.018531,2022-01-01T08:34:00Z
47215.3,47225.42,47215.3,47225.42,0.0112,2022-01-01T08:35:00Z
47236.26,47245.39,47234.35,47234.35,0.00666,2022-01-01T08:36:00Z
47221.18,47221.18,47221.18,47221.18,0.001052,2022-01-01T08:37:00Z
47209.46,47210,47199.32,47210,0.067218,2022-01-01T08:38:00Z
47195.85,47195.85,47178.95,47178.95,0.024049,2022-01-01T08:39:00Z
47167.12,47201.29,47167.12,47201.29,0.036285,2022-01-01T08:40:00Z
47201.22,47208.67,47201.22,47202.56,0.133671,2022-01-01T08:41:00Z
47214.81,47231.35,47213.92,47227.18,0.034007,2022-01-01T08:42:00Z
47233.8,47233.8,47223.29,47223.29,0.01423,2022-01-01T08:43:00Z
47204.82,47204.82,47204.82,47204.82,0.000406,2022-01-01T08:44:00Z
47211.2,47235.31,47211.2,47235.31,0.067242,2022-01-01T08:45:00Z
47238.02,47262.25,47225.31,47226.14,0.240503,2022-01-01T08:46:00Z
47225.31,47244.18,47218.76,47244.18,0.040514,2022-01-01T08:47:00Z
47204.93,47205.8,47198.4,47198.4,1.901051,2022-01-01T08:48:00Z
47184.06,47194.46,47176.42,47194.46,0.02306,2022-01-01T08:49:00Z
47194.46,47208.49,47190.73,47194.48,0.089499,2022-01-01T08:50:00Z
47156.76,47156.76,47156.76,47156.76,0.001134,2022-01-01T08:51:00Z
47129.85,47129.85,47101.37,47112.91,0.157286,2022-01-01T08:52:00Z
47101.82,47112.09,47101.82,47112.09,0.010967,2022-01-01T08:53:00Z
47103.47,47125.24,47103.47,47125.24,0.005427,2022-01-01T08:54:00Z
47125.14,47135.25,47125.14,47132.75,0.040992,2022-01-01T08:55:00Z
47125.24,47129.89,47107.48,47112.99,0.04917,2022-01-01T08:56:00Z
47118.55,47118.55,47099.02,47103.28,0.020393,2022-01-01T08:57:00Z
47103.45,47122.7,47103.45,47122.7,0.007614,2022-01-01T08:58:00Z
47113.55,47120.63,47110.66,47120.63,0.021828,2022-01-01T08:59:00Z
47120.19,47153.6,47120.19,47152.3,0.047465,2022-01-01T09:00:00Z
47148.66,47148.66,47057.16,47057.16,0.047539,2022-01-01T09:01:00Z
47074.41,47112.3,47074.41,47108.3,0.055028,2022-01-01T09:02:00Z
47111.85,47113.68,47109.48,47112.65,0.070897,2022-01-01T09:03:00Z
47111.37,47111.37,47111.37,47111.37,0.001686,2022-01-01T09:04:00Z
47114.96,47171.43,47114.96,47157.7,0.07649,2022-01-01T09:05:00Z
47159.91,47201.71,47159.91,47198.45,0.027207,2022-01-01T09:06:00Z
47192.93,47192.93,47192.93,47192.93,0.001059,2022-01-01T09:07:00Z
47183.05,47183.05,47173.72,47173.72,0.007621,2022-01-01T09:08:00Z
47188.46,47191.02,47163.07,47191.02,0.02844,2022-01-01T09:09:00Z
47170.44,47175.6,47170.44,47175.6,0.014328,2022-01-01T09:10:00Z
47169.49,47169.49,47169.06,47169.06,0.005799,2022-01-01T09:11:00Z
47165.49,47176.67,47165.49,47170.71,0.159629,2022-01-01T09:12:00Z
47187.27,47187.27,47182.99,47183.37,0.010266,2022-01-01T09:13:00Z
47182.62,47210.02,47182.62,47204.69,0.026459,2022-01-01T09:14:00Z
47194.93,47194.93,47193.75,47193.75,0.004146,2022-01-01T09:15:00Z
47196.11,47196.11,47186.82,47187.96,0.00787,2022-01-01T09:16:00Z
47189.58,47189.58,47189.58,47189.58,0.007759,2022-01-01T09:17:00Z
47157.7,47157.7,47157.7,47157.7,0.00107,2022-01-01T09:18:00Z
47134.54,47138.32,47126.74,47126.9,0.007445,2022-01-01T09:19:00Z
47172.83,47172.83,47134.21,47134.21,0.162673,2022-01-01T09:21:00Z
47126.48,47137.39,47126.48,47137.39,0.001752,2022-01-01T09:22:00Z
47135,47135,47129.02,47129.02,0.212197,2022-01-01T09:24:00Z
47109.13,47109.13,47095.38,47095.38,0.01912,2022-01-01T09:25:00Z
47087.64,47092.09,47087.64,47092.09,0.088984,2022-01-01T09:26:00Z
47092.44,47128.58,47092.44,47126.89,0.566061,2022-01-01T09:27:00Z
47124.75,47132.64,47124.75,47131.96,0.050763,2022-01-01T09:28:00Z
47135,47135,47103.47,47103.47,0.014508,2022-01-01T09:29:00Z
47099.84,47107.28,47099.75,47107.28,0.006033,2022-01-01T09:30:00Z
47104.95,47118.04,47104.95,47118.04,0.007884,2022-01-01T09:31:00Z
47119.97,47134.11,47119.97,47134.11,0.4118,2022-01-01T09:32:00Z
47109,47109,47092.63,47092.68,1.830793,2022-01-01T09:33:00Z
47099.75,47099.75,47075.41,47075.41,0.039812,2022-01-01T09:34:00Z
47070.94,47070.94,47022.97,47022.97,0.0545,2022-01-01T09:35:00Z
47019,47034.11,47019,47024.39,0.205043,2022-01-01T09:36:00Z
47011.93,47024.04,46998.66,47024.04,0.136555,2022-01-01T09:37:00Z
47030.47,47030.47,47004.58,47014.4,0.173955,2022-01-01T09:38:00Z
47015.81,47018.13,47007.28,47007.28,0.007231,2022-01-01T09:39:00Z
46999.59,47017.31,46999.59,47017.31,0.001995,2022-01-01T09:40:00Z
47006.58,47006.58,46985.76,46985.76,0.037576,2022-01-01T09:41:00Z
46977.29,46977.29,46950,46963.16,4.426555,2022-01-01T09:42:00Z
46955.01,46955.01,46954.75,46954.75,0.100061,2022-01-01T09:43:00Z
46954.59,46998.66,46954.59,46998.66,0.205658,2022-01-01T09:44:00Z
46987.76,46987.76,46968.63,46968.63,0.182708,2022-01-01T09:45:00Z
46966.32,46982.21,46966.32,46982.21,0.080114,2022-01-01T09:46:00Z
46998.66,47020.01,46989.54,47018.6,0.016163,2022-01-01T09:47:00Z
47016.77,47072.41,47016.77,47072.41,0.300652,2022-01-01T09:48:00Z
47058.44,47058.44,47055.05,47058.44,0.003755,2022-01-01T09:49:00Z
47065.06,47068.39,47054.01,47068.39,0.189681,2022-01-01T09:50:00Z
47078.28,47078.28,47028.46,47028.46,0.47906,2022-01-01T09:51:00Z
47045.5,47056.19,47041.07,47056.19,0.183273,2022-01-01T09:52:00Z
47056.56,47056.8,47048.76,47056.8,0.011195,2022-01-01T09:53:00Z
47062.66,47062.66,47062.66,47062.66,0.0018,2022-01-01T09:54:00Z
47052.67,47054.62,47052.48,47054.62,0.025,2022-01-01T09:55:00Z
47055.3,47081.29,47055.3,47081.29,0.0132,2022-01-01T09:56:00Z
47076.3,47081.02,47076.3,47081.02,0.434097,2022-01-01T09:57:00Z
47076.26,47085.44,47076.26,47084.97,0.012663,2022-01-01T09:58:00Z
47089.05,47154.53,47089.05,47154.53,0.336004,2022-01-01T09:59:00Z
47152.17,47223.77,47146.3,47223.77,0.206224,2022-01-01T10:00:00Z
47221.4,47252.94,47180.68,47252.94,0.094468,2022-01-01T10:01:00Z
47242.77,47249.66,47225,47246.88,0.010734,2022-01-01T10:02:00Z
47248.01,47295.49,47236.29,47283.49,0.227657,2022-01-01T10:03:00Z
47254.55,47259.28,47237.33,47237.33,0.011882,2022-01-01T10:04:00Z
47190.51,47192.43,47174.5,47192.43,0.107148,2022-01-01T10:05:00Z
47184.92,47184.92,47137.19,47137.96,0.053649,2022-01-01T10:06:00Z
47168.06,47200.19,47168.06,47200.19,0.123831,2022-01-01T10:07:00Z
47174.81,47204.73,47168.34,47204.73,0.072647,2022-01-01T10:08:00Z
47200,47204.73,47168.74,47168.74,0.046122,2022-01-01T10:09:00Z
47168.23,47176.26,47168.23,47176.26,0.00823,2022-01-01T10:10:00Z
47183.55,47212.34,47183.55,47202.77,0.033891,2022-01-01T10:11:00Z
47202.77,47202.77,47168.2,47168.2,0.193752,2022-01-01T10:12:00Z
47136.01,47141.26,47136.01,47141.26,0.008209,2022-01-01T10:13:00Z
47139.53,47147.58,47131.14,47143.18,0.033709,2022-01-01T10:14:00Z
47110.26,47110.26,47050,47055.75,0.435186,2022-01-01T10:15:00Z
47051.18,47058.9,47031.83,47031.83,0.045632,2022-01-01T10:16:00Z
47027.12,47046.15,47027.12,47046.15,0.0564,2022-01-01T10:17:00Z
47041.67,47046.82,47026.73,47046.82,0.032231,2022-01-01T10:18:00Z
47054.89,47077.49,47054.89,47077.49,0.018843,2022-01-01T10:19:00Z
47066.93,47066.93,47031.26,47052.27,0.13713,2022-01-01T10:20:00Z
47038.51,47041.82,47009.46,47031.15,1.012419,2022-01-01T10:21:00Z
47020.79,47020.79,46968.31,46984.6,0.550006,2022-01-01T10:22:00Z
46984.6,47005.48,46984.6,47005.48,0.127141,2022-01-01T10:23:00Z
47025.59,47049.64,47023.6,47049.64,0.152663,2022-01-01T10:24:00Z
47041.31,47041.31,47021.35,47030.12,0.112754,2022-01-01T10:25:00Z
47030.33,47042.05,47026.97,47040.52,0.049423,2022-01-01T10:26:00Z
47035.35,47046.06,47005.66,47009.53,0.026857,2022-01-01T10:27:00Z
47003.75,47011.61,46832.81,46869.27,15.435574,2022-01-01T10:28:00Z
46867.02,46931.13,46867.02,46888.48,0.541763,2022-01-01T10:29:00Z
46832.13,46849.51,46815.54,46840.68,0.119346,2022-01-01T10:30:00Z
46827.04,46869.06,46769.56,46780.88,0.481225,2022-01-01T10:31:00Z
46776.66,46815.45,46739.52,46800.44,1.34448,2022-01-01T10:32:00Z
46791.99,46821.9,46791.99,46809.25,0.184822,2022-01-01T10:33:00Z
46806.64,46806.64,46732.05,46789.03,0.230424,2022-01-01T10:34:00Z
46740,46759.69,46722.08,46759.69,0.705038,2022-01-01T10:35:00Z
46796.9,46837.15,46796.76,46837.15,0.032304,2022-01-01T10:36:00Z
46820.26,46851.19,46812.33,46837.56,0.380061,2022-01-01T10:37:00Z
46837.53,46838.65,46814.59,46836.76,0.305027,2022-01-01T10:38:00Z
46846.54,46846.54,46816.71,46822.87,0.019809,2022-01-01T10:39:00Z
46840.5,46888.13,46840.5,46888.13,0.169476,2022-01-01T10:40:00Z
46873.65,46873.65,46826.73,46850.69,0.138001,2022-01-01T10:41:00Z
46843.73,46872.81,46843.73,46853.22,0.609024,2022-01-01T10:42:00Z
46841.29,46967.71,46841.29,46967.71,0.948206,2022-01-01T10:43:00Z
46980.7,47009.94,46980.7,46982.14,0.255439,2022-01-01T10:44:00Z
47026.11,47078.42,47026.11,47031.83,0.096642,2022-01-01T10:45:00Z
47023.08,47023.08,46996.24,46999.05,0.161017,2022-01-01T10:46:00Z
46986.01,46986.01,46938.96,46938.96,0.00685,2022-01-01T10:47:00Z
46935.48,46942.67,46935.48,46942.67,0.131515,2022-01-01T10:48:00Z
46945.01,46945.01,46928.44,46928.44,0.175546,2022-01-01T10:49:00Z
46935.11,46961.56,46919.74,46961.56,0.012624,2022-01-01T10:50:00Z
46987.12,47004.1,46987.12,47001.29,0.064553,2022-01-01T10:51:00Z
47018.19,47018.19,47006.75,47006.75,0.05065,2022-01-01T10:52:00Z
47001.29,47001.29,46981.02,46981.02,0.01652,2022-01-01T10:53:00Z
46974.89,46974.89,46938.07,46958.03,0.042381,2022-01-01T10:54:00Z
46961.02,46961.02,46961.02,46961.02,0.00172,2022-01-01T10:55:00Z
46937.25,46937.25,46906.97,46912.8,0.104656,2022-01-01T10:57:00Z
46909.02,46909.02,46878.3,46878.3,0.809178,2022-01-01T10:58:00Z
46876.9,46906.37,46871.27,46871.27,0.036859,2022-01-01T10:59:00Z
46870.19,46886.92,46870.19,46877.99,0.007169,2022-01-01T11:00:00Z
46877.12,46907.81,46877.12,46907.81,0.003928,2022-01-01T11:01:00Z
46873.98,46892.38,46873.98,46891.52,0.015939,2022-01-01T11:02:00Z
46892.46,46932.18,46876.72,46932.18,0.172955,2022-01-01T11:03:00Z
46934.37,46944.87,46928.95,46928.95,0.026221,2022-01-01T11:04:00Z
46939.76,46947.22,46932.34,46947.22,0.016654,2022-01-01T11:05:00Z
46954.41,46962.9,46934.59,46934.59,0.030439,2022-01-01T11:06:00Z
46918.5,46918.5,46877.69,46881.77,0.134625,2022-01-01T11:07:00Z
46901.18,46901.18,46882.81,46882.81,0.012429,2022-01-01T11:08:00Z
46893.24,46893.24,46892.07,46892.07,0.057387,2022-01-01T11:09:00Z
46920.99,46920.99,46875.34,46875.34,0.049027,2022-01-01T11:10:00Z
46875.41,46905.09,46875.41,46905.09,0.10183,2022-01-01T11:11:00Z
46898.34,46898.34,46896.21,46896.21,0.041893,2022-01-01T11:12:00Z
46900.55,46902.43,46900.55,46902.25,0.014914,2022-01-01T11:13:00Z
46902.99,46939.66,46902.99,46931.93,0.209579,2022-01-01T11:14:00Z
46942.53,46964.32,46942.53,46962.82,0.21299,2022-01-01T11:15:00Z
46998.07,47002.6,46987.63,46987.63,0.012227,2022-01-01T11:16:00Z
46983.22,46983.22,46983.22,46983.22,0.001928,2022-01-01T11:17:00Z
46959.05,46960.97,46959.05,46960.97,0.003809,2022-01-01T11:18:00Z
46983.22,46983.22,46983.22,46983.22,0.00727,2022-01-01T11:19:00Z
46997.01,46997.01,46981.8,46981.8,0.016367,2022-01-01T11:20:00Z
46976.3,46988.1,46943.91,46943.91,0.203169,2022-01-01T11:21:00Z
46919.88,46939.92,46904.21,46937.78,0.053775,2022-01-01T11:22:00Z
46923.64,46949.97,46923.64,46949.29,0.028367,2022-01-01T11:23:00Z
46930.1,46945.66,46925.15,46945.66,0.031494,2022-01-01T11:25:00Z
46951.68,46953.33,46951.68,46953.33,0.021162,2022-01-01T11:26:00Z
46952.46,46959.39,46939.46,46939.46,0.003923,2022-01-01T11:27:00Z
46953.44,46968.13,46953.44,46968.13,0.07943,2022-01-01T11:28:00Z
46968.49,46975.35,46951.96,46963.57,0.218218,2022-01-01T11:29:00Z
46964.4,46964.4,46925.34,46925.34,0.01978,2022-01-01T11:31:00Z
46906.57,46913.39,46891.84,46913.39,0.027779,2022-01-01T11:32:00Z
46902.19,46902.95,46877.65,46877.65,0.007915,2022-01-01T11:33:00Z
46881.4,46895.28,46881.4,46895.28,0.011236,2022-01-01T11:34:00Z
46905.04,46905.04,46896.59,46902.14,0.005571,2022-01-01T11:35:00Z
46897.89,46897.89,46857.22,46865.9,0.238761,2022-01-01T11:36:00Z
46836.73,46875.77,46829.34,46875.77,1.773726,2022-01-01T11:37:00Z
46881.25,46895.16,46881.25,46882.34,0.056284,2022-01-01T11:38:00Z
46895.7,46955.25,46895.7,46934.48,0.186762,2022-01-01T11:39:00Z
46946.09,46983.63,46946.09,46961.48,0.021638,2022-01-01T11:40:00Z
46961.29,46961.29,46961.29,46961.29,0.02,2022-01-01T11:41:00Z
46970.02,46973.89,46959.2,46959.2,0.047462,2022-01-01T11:43:00Z
46922.41,46947.99,46922.41,46947.99,0.020775,2022-01-01T11:44:00Z
46938.39,46938.39,46938.39,46938.39,0.004294,2022-01-01T11:45:00Z
46945.78,46971.54,46945.78,46964.23,0.0776,2022-01-01T11:46:00Z
46952.06,46956.03,46952.06,46956.03,0.010762,2022-01-01T11:47:00Z
46956.01,46966.99,46956.01,46960.04,0.007112,2022-01-01T11:48:00Z
46945.28,46956.74,46938.39,46956.74,0.01529,2022-01-01T11:49:00Z
46959.02,46959.39,46948.23,46948.23,0.130745,2022-01-01T11:50:00Z
46938.39,46938.39,46899.37,46904.54,1.049044,2022-01-01T11:51:00Z
46880.44,46890.15,46880.44,46890.15,0.009882,2022-01-01T11:52:00Z
46907.94,46907.94,46898.05,46907.94,0.01687,2022-01-01T11:53:00Z
46901.57,46901.57,46781.83,46801.32,4.076902,2022-01-01T11:54:00Z
46798.17,46814.22,46771.27,46814.22,0.172684,2022-01-01T11:55:00Z
46841.12,46850.06,46841.12,46850.06,0.056374,2022-01-01T11:56:00Z
46799.89,46814.5,46781.05,46814.5,0.133639,2022-01-01T11:57:00Z
46794.96,46794.96,46794.96,46794.96,0.00408,2022-01-01T11:58:00Z
46789.53,46789.53,46759.81,46759.81,0.034152,2022-01-01T11:59:00Z
46759.35,46832.01,46759.35,46827.33,0.352815,2022-01-01T12:00:00Z
46827.33,46827.33,46799.37,46799.37,0.018745,2022-01-01T12:01:00Z
46811.93,46814.35,46763.14,46812.99,0.249391,2022-01-01T12:02:00Z
46806.23,46806.23,46796.1,46803.45,0.205133,2022-01-01T12:03:00Z
46816.65,46821.94,46791.71,46794.97,0.14743,2022-01-01T12:04:00Z
46809.24,46810.2,46809.24,46810.16,0.107076,2022-01-01T12:05:00Z
46814.29,46836.58,46813.06,46836.58,0.00841,2022-01-01T12:06:00Z
46887.36,46887.36,46887.36,46887.36,0.00197,2022-01-01T12:07:00Z
46877.84,46878.24,46877.84,46878.24,0.128075,2022-01-01T12:08:00Z
46906.38,46928.15,46906.38,46922.21,0.099427,2022-01-01T12:09:00Z
46943.09,46943.09,46925.92,46925.92,0.00723,2022-01-01T12:10:00Z
46928.2,46932.27,46896.75,46896.75,0.006469,2022-01-01T12:11:00Z
46899.67,46924.85,46899.67,46924.85,0.024263,2022-01-01T12:12:00Z
46936.17,46936.17,46913.16,46924.85,0.016837,2022-01-01T12:13:00Z
46924.85,46987.69,46924.85,46987.69,0.19604,2022-01-01T12:14:00Z
46995.94,47009.94,46968.01,46968.01,0.066471,2022-01-01T12:15:00Z
46973.86,46973.86,46973.86,46973.86,0.003173,2022-01-01T12:16:00Z
46974.08,46974.08,46961.35,46961.35,0.014202,2022-01-01T12:17:00Z
46953.03,46953.03,46907.62,46915.03,0.04642,2022-01-01T12:18:00Z
46948.65,46966.05,46948.65,46951.51,1.055717,2022-01-01T12:19:00Z
46936.37,46952.79,46936.37,46952.79,0.019049,2022-01-01T12:20:00Z
46955.45,46964.73,46955.45,46964.73,0.01319,2022-01-01T12:21:00Z
46983.07,46983.07,46965.05,46965.64,0.03854,2022-01-01T12:22:00Z
46956.59,46956.59,46931.41,46936.11,0.090818,2022-01-01T12:23:00Z
46934.71,46936.11,46915.87,46915.87,0.076766,2022-01-01T12:24:00Z
46932.58,46942.08,46932.58,46940.7,0.016418,2022-01-01T12:25:00Z
46927.53,46927.53,46888,46888,0.066916,2022-01-01T12:26:00Z
46889.69,46923.32,46889.69,46920.68,0.042959,2022-01-01T12:27:00Z
46909.7,46934.58,46908.5,46934.58,0.030549,2022-01-01T12:28:00Z
46955.86,46958.21,46948.73,46958.17,0.282934,2022-01-01T12:29:00Z
46968.54,47003.83,46962.61,47003.83,0.27666,2022-01-01T12:30:00Z
47020.5,47100,47020.5,47095.56,0.808747,2022-01-01T12:31:00Z
47105.55,47144.83,47083.75,47083.75,0.655043,2022-01-01T12:32:00Z
47080.69,47080.69,47047.68,47052.69,0.0963,2022-01-01T12:33:00Z
47059.16,47059.16,47034.44,47055.34,0.261801,2022-01-01T12:34:00Z
47055.34,47060.97,47049.83,47049.83,0.150173,2022-01-01T12:35:00Z
47039.46,47046.56,47030.63,47042.71,0.154627,2022-01-01T12:36:00Z
47038.97,47055.95,47038.97,47055.95,0.121212,2022-01-01T12:37:00Z
47065.84,47065.84,47030.63,47052.47,0.353118,2022-01-01T12:38:00Z
47055.42,47055.42,47023.09,47030.63,0.242506,2022-01-01T12:39:00Z
47036.35,47065.94,47030.81,47038.25,0.041307,2022-01-01T12:40:00Z
47047.45,47048.5,47030.62,47030.62,0.010855,2022-01-01T12:41:00Z
47031.95,47058.82,47031.95,47056.59,0.022456,2022-01-01T12:42:00Z
47042.26,47049.33,47042.26,47042.26,0.154299,2022-01-01T12:43:00Z
47032.68,47032.68,47021.95,47021.95,0.127407,2022-01-01T12:44:00Z
47015.47,47051.37,47015.47,47051.37,0.024866,2022-01-01T12:45:00Z
47045.1,47051.63,47042.72,47051.63,0.011163,2022-01-01T12:46:00Z
47080.65,47080.65,47080.65,47080.65,0.00047,2022-01-01T12:47:00Z
47079.41,47079.41,47071.93,47071.93,0.008,2022-01-01T12:48:00Z
47075.33,47099.55,47075.33,47099.55,0.012513,2022-01-01T12:49:00Z
47108.9,47131.38,47108.9,47125.41,0.014943,2022-01-01T12:50:00Z
47134.48,47134.48,47130.64,47130.64,0.006552,2022-01-01T12:52:00Z
47127.36,47127.36,47084.14,47084.14,0.380656,2022-01-01T12:53:00Z
47077.05,47092.14,47075.38,47081.71,0.523462,2022-01-01T12:54:00Z
47084.14,47084.14,47068.32,47068.32,0.024374,2022-01-01T12:55:00Z
47068.95,47081.09,47050.4,47078.97,0.022516,2022-01-01T12:56:00Z
47079.04,47091.11,47079.04,47083.98,0.211876,2022-01-01T12:57:00Z
47084.48,47125.66,47078.71,47125.66,0.078305,2022-01-01T12:58:00Z
47096.29,47096.29,47089.08,47089.08,0.007966,2022-01-01T12:59:00Z
47090.16,47150,47090.16,47150,0.111272,2022-01-01T13:00:00Z
47161.53,47161.53,47141.95,47157.93,0.021258,2022-01-01T13:01:00Z
47153.99,47164.34,47144.63,47164.34,0.018761,2022-01-01T13:02:00Z
47146.19,47146.19,47082.96,47082.96,0.468326,2022-01-01T13:03:00Z
47068.28,47084.05,47053.9,47055.74,0.033146,2022-01-01T13:04:00Z
47053.9,47058.72,47031.12,47039.43,0.072355,2022-01-01T13:05:00Z
47064.16,47064.16,47064.16,47064.16,0.006283,2022-01-01T13:06:00Z
47069.71,47069.71,47057.49,47064.59,0.021588,2022-01-01T13:07:00Z
47057.34,47057.34,47042.82,47056,0.031492,2022-01-01T13:08:00Z
47057.08,47059.17,47051.44,47051.44,0.011703,2022-01-01T13:09:00Z
47051.63,47074.07,47051.63,47068.89,0.054979,2022-01-01T13:10:00Z
47066.92,47089.05,47066.92,47089.05,0.002741,2022-01-01T13:11:00Z
47083.92,47132.26,47081.31,47118.7,0.326733,2022-01-01T13:12:00Z
47123.42,47123.42,47100.51,47118.67,0.014016,2022-01-01T13:13:00Z
47110.47,47142.07,47099.75,47134.03,0.917517,2022-01-01T13:14:00Z
47142.76,47142.76,47118.57,47118.57,0.195967,2022-01-01T13:15:00Z
47124.27,47201.06,47114.58,47195.67,0.41554,2022-01-01T13:16:00Z
47183.16,47193.16,47183.16,47185.96,0.107151,2022-01-01T13:17:00Z
47183.27,47199.7,47156.64,47172.17,0.400403,2022-01-01T13:18:00Z
47166.55,47168.92,47165.37,47165.37,0.008862,2022-01-01T13:19:00Z
47151.34,47176.43,47140.7,47148.09,0.018132,2022-01-01T13:20:00Z
47150.24,47159.01,47121.1,47121.1,0.025926,2022-01-01T13:21:00Z
47120.62,47132.92,47114.85,47114.85,0.019669,2022-01-01T13:22:00Z
47122.5,47122.5,47122.48,47122.48,0.002528,2022-01-01T13:23:00Z
47127.52,47127.61,47079.82,47084.15,0.127161,2022-01-01T13:24:00Z
47090.05,47090.05,47017.47,47035.25,2.397423,2022-01-01T13:25:00Z
47021.79,47021.79,47021.79,47021.79,0.002923,2022-01-01T13:26:00Z
47012.32,47050,46996.55,47050,0.691827,2022-01-01T13:27:00Z
47047.64,47056.24,47041.68,47043.54,0.018099,2022-01-01T13:28:00Z
47056.58,47056.58,47042.31,47042.31,0.01632,2022-01-01T13:29:00Z
47042.58,47061.46,47042.58,47055.23,0.007708,2022-01-01T13:30:00Z
47049.63,47049.63,47015.28,47015.28,0.026756,2022-01-01T13:31:00Z
47003,47003,47003,47003,0.00188,2022-01-01T13:32:00Z
46966.68,46982.81,46960,46982.81,0.270082,2022-01-01T13:33:00Z
46993.21,46993.21,46993.21,46993.21,0.0242,2022-01-01T13:34:00Z
46980.73,46980.73,46976.62,46976.98,0.005259,2022-01-01T13:35:00Z
47000,47066.98,47000,47051.98,0.427281,2022-01-01T13:36:00Z
47051.98,47071.24,47051.98,47063.85,0.349052,2022-01-01T13:37:00Z
47065.44,47068.68,47065.44,47068.68,0.005263,2022-01-01T13:38:00Z
47064.79,47065.79,47048.4,47049.02,0.019821,2022-01-01T13:39:00Z
47044.95,47044.95,47043.37,47043.37,0.00298,2022-01-01T13:40:00Z
47054.44,47057.76,47054.44,47057.76,0.007338,2022-01-01T13:41:00Z
47068.41,47068.41,47068.41,47068.41,0.000468,2022-01-01T13:42:00Z
47063.09,47071.11,47061.29,47071.11,0.145896,2022-01-01T13:43:00Z
47073.53,47096.74,47073.09,47073.09,0.061396,2022-01-01T13:44:00Z
47049.29,47049.29,47043.39,47048.53,0.02001,2022-01-01T13:45:00Z
47066.06,47081.39,47049.58,47049.58,0.058371,2022-01-01T13:46:00Z
47069.23,47074.78,47053.01,47053.01,0.119256,2022-01-01T13:47:00Z
47070.46,47070.46,47054.21,47054.21,0.017348,2022-01-01T13:48:00Z
47060.35,47065.64,47015.64,47015.64,0.043753,2022-01-01T13:49:00Z
47008.58,47008.58,46989.85,46990.64,0.013013,2022-01-01T13:50:00Z
47008.23,47008.23,46998.92,46998.92,0.009429,2022-01-01T13:51:00Z
46983.25,46998.92,46980.64,46995.08,0.054339,2022-01-01T13:52:00Z
47001.58,47001.58,46994.25,46994.25,0.00864,2022-01-01T13:53:00Z
46994.25,46995.85,46983.58,46983.58,0.030879,2022-01-01T13:54:00Z
46981.03,46996.49,46981.03,46987.38,0.016443,2022-01-01T13:55:00Z
46980.17,47001.73,46980.17,46995.3,0.011043,2022-01-01T13:56:00Z
47001.73,47007.13,47001.73,47007.13,0.005145,2022-01-01T13:57:00Z
47012.53,47042.18,47012.53,47039.82,0.341631,2022-01-01T13:58:00Z
47039.82,47039.82,47029.34,47036.86,0.217381,2022-01-01T13:59:00Z
47025.26,47054.32,47025.26,47037.26,0.104132,2022-01-01T14:00:00Z
47037.08,47047.26,47037.08,47047.26,0.005798,2022-01-01T14:01:00Z
47047.26,47071.3,47047.26,47052.57,0.022829,2022-01-01T14:02:00Z
47060.41,47063.9,47026.9,47027.39,0.023637,2022-01-01T14:03:00Z
47027.68,47030.18,47027.59,47029.96,0.003906,2022-01-01T14:04:00Z
47027.59,47027.59,46963.03,46963.03,0.055824,2022-01-01T14:05:00Z
46981.12,46998.33,46974.2,46991.49,0.015953,2022-01-01T14:06:00Z
47007,47007,46977.36,46977.36,0.014111,2022-01-01T14:07:00Z
46991.86,46995.11,46991.86,46995.11,0.00391,2022-01-01T14:08:00Z
46991.92,46994.74,46991.92,46994.74,0.003192,2022-01-01T14:09:00Z
46997.39,47039.83,46997.39,47034.61,0.105578,2022-01-01T14:10:00Z
47034.39,47039.85,47024.16,47024.16,0.020117,2022-01-01T14:11:00Z
47007,47007,46993.37,46993.89,0.030197,2022-01-01T14:12:00Z
46999.13,47003.14,46999.13,47003.14,0.024234,2022-01-01T14:13:00Z
47003.1,47003.14,46996.07,47002.27,0.184747,2022-01-01T14:14:00Z
46983.67,46999.91,46978.76,46999.28,0.02126,2022-01-01T14:15:00Z
46998.8,47050.36,46998.8,47050.36,1.872899,2022-01-01T14:16:00Z
47050.36,47079.17,47050.36,47076.06,0.033728,2022-01-01T14:17:00Z
47040.18,47042.54,47040.18,47042.54,0.01416,2022-01-01T14:18:00Z
47054.46,47054.46,47000,47006.83,0.706177,2022-01-01T14:19:00Z
47005.18,47036.3,46991.57,47034.59,0.282726,2022-01-01T14:20:00Z
47078.42,47094.78,47072.89,47090.15,0.018729,2022-01-01T14:21:00Z
47081.56,47117.74,47075.35,47117.74,0.376849,2022-01-01T14:22:00Z
47103.88,47110,47075.04,47075.04,0.527524,2022-01-01T14:23:00Z
47073.61,47101.82,47058.33,47101.82,0.095154,2022-01-01T14:24:00Z
47101.82,47101.82,47043.77,47057.88,0.030871,2022-01-01T14:25:00Z
47058.23,47067.7,47052.75,47052.75,0.243052,2022-01-01T14:26:00Z
47038.4,47068.2,47038.4,47049.1,0.016931,2022-01-01T14:27:00Z
47046.07,47046.07,47035.71,47035.71,0.019368,2022-01-01T14:28:00Z
47030.26,47037.02,47030.26,47037.02,0.007542,2022-01-01T14:29:00Z
47037.89,47041.92,47009.82,47017.98,0.152445,2022-01-01T14:30:00Z
47018.66,47023.8,46983.7,46988.4,0.024429,2022-01-01T14:31:00Z
46975.17,46975.17,46963,46963,0.001865,2022-01-01T14:32:00Z
46960.36,46960.36,46893.14,46921.75,0.866819,2022-01-01T14:33:00Z
46919.42,46919.42,46889.72,46898.84,0.138637,2022-01-01T14:34:00Z
46911.3,46923.16,46851.98,46891.25,0.180805,2022-01-01T14:35:00Z
46889.61,46914.7,46879.44,46901.68,0.024215,2022-01-01T14:36:00Z
46898.17,46899.4,46898.17,46898.33,0.009757,2022-01-01T14:37:00Z
46932.02,46932.13,46907.41,46909.91,0.159424,2022-01-01T14:38:00Z
46925.78,46925.78,46904.42,46906.47,0.016499,2022-01-01T14:39:00Z
46902.12,46966.99,46902.12,46966.99,0.211278,2022-01-01T14:40:00Z
46962.15,46975.29,46930.71,46971.08,0.145776,2022-01-01T14:41:00Z
46950.44,46950.44,46923.46,46932.43,0.213034,2022-01-01T14:42:00Z
46941.52,46952.38,46925.35,46952.38,0.030752,2022-01-01T14:43:00Z
46963.97,46971.71,46918.72,46918.72,0.050429,2022-01-01T14:44:00Z
46923.14,46938.36,46912.56,46938.36,0.060684,2022-01-01T14:45:00Z
46926.5,46939.76,46900.2,46918.38,0.168855,2022-01-01T14:46:00Z
46912.81,46915.11,46897.85,46899.8,0.020931,2022-01-01T14:47:00Z
46902.01,46927.76,46902.01,46922.64,0.075223,2022-01-01T14:48:00Z
46927.71,46928.46,46888.83,46890.24,0.107047,2022-01-01T14:49:00Z
46889.22,46951.92,46889.22,46948.35,0.431568,2022-01-01T14:50:00Z
46955.68,46955.68,46926.11,46941.2,0.132372,2022-01-01T14:51:00Z
46936.08,46954.41,46928.39,46932.03,0.406569,2022-01-01T14:52:00Z
46971.38,46971.38,46956.92,46961.24,0.031185,2022-01-01T14:53:00Z
46963.82,46963.82,46963.82,46963.82,0.00157,2022-01-01T14:54:00Z
46953.44,46964.25,46953.44,46960.31,0.002965,2022-01-01T14:56:00Z
46956.51,46956.51,46932.03,46932.03,0.027387,2022-01-01T14:57:00Z
46932.03,46933.33,46902.24,46933.33,0.375397,2022-01-01T14:58:00Z
46945.78,46950.43,46925.26,46927.61,0.082731,2022-01-01T14:59:00Z
46925.26,46934.27,46879.74,46891.83,0.135064,2022-01-01T15:00:00Z
46902.24,46902.24,46901.86,46902.24,0.012448,2022-01-01T15:01:00Z
46903.55,46945,46903.55,46942.65,0.018602,2022-01-01T15:02:00Z
46945,46945,46934.41,46945,0.064023,2022-01-01T15:03:00Z
46945,46967.54,46945,46961.87,0.253663,2022-01-01T15:04:00Z
46955.81,46978.54,46955.81,46977.36,0.471873,2022-01-01T15:05:00Z
46977.63,47005.56,46977.63,47005.44,0.109038,2022-01-01T15:06:00Z
46980.24,46986.5,46975.52,46986.5,0.006207,2022-01-01T15:07:00Z
46992.59,46995.59,46991.12,46991.12,0.034547,2022-01-01T15:08:00Z
46995,46995,46958.16,46969,0.043322,2022-01-01T15:09:00Z
46976.02,46980.61,46952.91,46952.91,0.113479,2022-01-01T15:10:00Z
46950,46955.81,46934.61,46955.81,0.181937,2022-01-01T15:11:00Z
46955.81,46969.97,46955.81,46960.14,0.314331,2022-01-01T15:12:00Z
46968.45,46983.25,46964.95,46977.71,0.028687,2022-01-01T15:13:00Z
46980.98,46991.98,46958.84,46967.49,0.033923,2022-01-01T15:14:00Z
46958.32,46958.32,46928.31,46942.11,0.165882,2022-01-01T15:15:00Z
46956.83,46981.74,46956.83,46981.74,0.008644,2022-01-01T15:16:00Z
46985.1,46991.85,46985.1,46991.85,0.117931,2022-01-01T15:17:00Z
46991.49,47000.62,46970.68,46978.94,0.065659,2022-01-01T15:18:00Z
46975.39,46975.39,46975.39,46975.39,0.010662,2022-01-01T15:19:00Z
46971.24,46983.17,46968.12,46977.18,0.021525,2022-01-01T15:20:00Z
46990.05,47008.02,46990.05,46995.61,0.143799,2022-01-01T15:21:00Z
46985.04,46995.61,46980.26,46995.61,0.019451,2022-01-01T15:22:00Z
46997.25,46999.6,46981.59,46999.58,0.109201,2022-01-01T15:23:00Z
47001.29,47001.29,46984.93,46993.82,0.124388,2022-01-01T15:24:00Z
46997.75,47014.24,46997.75,47012.6,0.061519,2022-01-01T15:26:00Z
47035.49,47040.21,47017.68,47021.04,0.010586,2022-01-01T15:27:00Z
47019.07,47019.07,47010.04,47010.04,0.005405,2022-01-01T15:28:00Z
47013.02,47043.76,47012.89,47031.41,0.033687,2022-01-01T15:29:00Z
47023.69,47023.69,47007.12,47007.12,0.011752,2022-01-01T15:30:00Z
47013.08,47033.21,47003.78,47028.63,0.3214,2022-01-01T15:31:00Z
47037.48,47122.88,47037.48,47112.31,0.181892,2022-01-01T15:32:00Z
47115.14,47193.45,47115.14,47177.55,1.176019,2022-01-01T15:33:00Z
47183.09,47398.82,47183.09,47286.33,4.261089,2022-01-01T15:34:00Z
47311.34,47313.09,47304.55,47313.09,0.002608,2022-01-01T15:35:00Z
47291.22,47299.52,47264.73,47299.52,0.407043,2022-01-01T15:36:00Z
47299.52,47317.92,47261.69,47294.31,0.190578,2022-01-01T15:37:00Z
47300.02,47476.96,47288.51,47425.5,0.894369,2022-01-01T15:38:00Z
47429.15,47442.35,47367.47,47381.02,0.554726,2022-01-01T15:39:00Z
47381.25,47409.33,47341.99,47409.33,0.194123,2022-01-01T15:40:00Z
47399.26,47405.78,47380.98,47405.78,0.069296,2022-01-01T15:41:00Z
47388.06,47447.31,47386.78,47386.78,0.618778,2022-01-01T15:42:00Z
47393.64,47394.58,47330.05,47336.63,0.175871,2022-01-01T15:43:00Z
47355.95,47368.85,47329.07,47352.15,0.440042,2022-01-01T15:44:00Z
47336.07,47395.69,47323.78,47376.89,0.746969,2022-01-01T15:45:00Z
47358.04,47405.9,47358.04,47370.24,0.723264,2022-01-01T15:46:00Z
47370.1,47370.1,47244.89,47247.2,0.292714,2022-01-01T15:47:00Z
47237.47,47276.36,47204.55,47211.54,0.614693,2022-01-01T15:48:00Z
47207.31,47239.87,47207.31,47229.94,0.258204,2022-01-01T15:49:00Z
47204.54,47204.54,47146.94,47197.09,0.922606,2022-01-01T15:50:00Z
47206.84,47231.51,47206.84,47219.02,0.162857,2022-01-01T15:51:00Z
47238.94,47250.23,47218.86,47223.76,0.506215,2022-01-01T15:52:00Z
47228.5,47228.5,47192.62,47192.62,0.016469,2022-01-01T15:53:00Z
47205.25,47227.69,47205.25,47222.18,0.150991,2022-01-01T15:54:00Z
47215.48,47233.26,47186.05,47233.26,0.037645,2022-01-01T15:55:00Z
47230.26,47230.26,47196.25,47204.54,0.017563,2022-01-01T15:56:00Z
47218.94,47239.42,47204.54,47208.98,0.010295,2022-01-01T15:57:00Z
47206.91,47213.27,47196.84,47213.27,0.033595,2022-01-01T15:58:00Z
47231.06,47239.36,47211.47,47228.33,0.415833,2022-01-01T15:59:00Z
47228.33,47323.67,47219.59,47287.15,0.308007,2022-01-01T16:00:00Z
47285.02,47307.11,47254.51,47255.07,0.177113,2022-01-01T16:01:00Z
47254.5,47254.5,47191.36,47240.98,0.482692,2022-01-01T16:02:00Z
47230.84,47296.54,47230.8,47274.68,0.589407,2022-01-01T16:03:00Z
47271.02,47287.22,47250.15,47284.45,0.266349,2022-01-01T16:04:00Z
47284.45,47334.49,47284.45,47334.49,0.049722,2022-01-01T16:05:00Z
47331.28,47334.49,47290.31,47290.31,0.092884,2022-01-01T16:06:00Z
47289.98,47313.8,47268.82,47295.99,0.092184,2022-01-01T16:07:00Z
47318.41,47337.14,47318.41,47325.47,0.165329,2022-01-01T16:08:00Z
47367.39,47397.84,47359.21,47367.89,0.335197,2022-01-01T16:09:00Z
47368.98,47438.77,47356.17,47437.9,6.303216,2022-01-01T16:10:00Z
47438.79,47458.57,47432.32,47432.32,0.154122,2022-01-01T16:11:00Z
47423.38,47460.1,47406.3,47441.34,0.805297,2022-01-01T16:12:00Z
47436.11,47436.11,47393.26,47422.59,0.344056,2022-01-01T16:13:00Z
47415.65,47435.9,47386.84,47435.9,0.780633,2022-01-01T16:14:00Z
47453.15,47453.15,47381.21,47390.39,0.037768,2022-01-01T16:15:00Z
47404.63,47440.36,47378.4,47379.98,0.231265,2022-01-01T16:16:00Z
47374.59,47385.25,47355.15,47385.25,0.241512,2022-01-01T16:17:00Z
47413.47,47422.71,47413.1,47422.71,0.008379,2022-01-01T16:18:00Z
47419.73,47419.73,47387.43,47404.26,0.166082,2022-01-01T16:19:00Z
47410.76,47412.18,47386.78,47388.29,0.142224,2022-01-01T16:20:00Z
47400.83,47408.98,47363.02,47382.26,0.365253,2022-01-01T16:21:00Z
47385.46,47400,47371.75,47395.14,0.310388,2022-01-01T16:22:00Z
47394.99,47435.14,47386.6,47404.1,4.071992,2022-01-01T16:23:00Z
47402.59,47402.59,47366.12,47384.45,0.15002,2022-01-01T16:24:00Z
47389.92,47392.28,47376.25,47390.02,0.060537,2022-01-01T16:25:00Z
47387.11,47437.14,47387.11,47425.76,1.02883,2022-01-01T16:26:00Z
47426.89,47472.42,47426.89,47449.8,1.475455,2022-01-01T16:27:00Z
47439.86,47454.03,47432.34,47454.03,0.750084,2022-01-01T16:28:00Z
47470.21,47534.89,47470.21,47498.27,1.051059,2022-01-01T16:29:00Z
47498.27,47520.96,47474.31,47475.57,0.14301,2022-01-01T16:30:00Z
47473.24,47480.91,47462.36,47465.48,0.239164,2022-01-01T16:31:00Z
47456.41,47462.36,47435.5,47462.36,0.317169,2022-01-01T16:32:00Z
47454.72,47475.29,47438.17,47469.94,0.163771,2022-01-01T16:33:00Z
47474.75,47491.99,47461.03,47476.11,0.037105,2022-01-01T16:34:00Z
47468.84,47491.99,47460.18,47491.99,0.085838,2022-01-01T16:35:00Z
47493.98,47493.98,47434.13,47444.51,0.512046,2022-01-01T16:36:00Z
47440.27,47449.36,47429.96,47429.96,0.039948,2022-01-01T16:37:00Z
47428.07,47437.75,47390.54,47437.75,0.041032,2022-01-01T16:38:00Z
47425.65,47437.48,47415,47423.88,0.150869,2022-01-01T16:39:00Z
47439.37,47439.37,47410.94,47413.2,0.974899,2022-01-01T16:40:00Z
47412.7,47437.45,47409.96,47419.08,0.047244,2022-01-01T16:41:00Z
47407.67,47444.06,47407.67,47441.8,0.074766,2022-01-01T16:42:00Z
47451.43,47451.43,47439.96,47439.96,0.005612,2022-01-01T16:43:00Z
47439.99,47457.42,47429.34,47436.63,0.109391,2022-01-01T16:44:00Z
47436.63,47484.95,47436.63,47462.33,0.471744,2022-01-01T16:45:00Z
47457.56,47457.56,47431.88,47437.41,0.4152,2022-01-01T16:46:00Z
47436.85,47444.32,47372.8,47372.8,0.300294,2022-01-01T16:47:00Z
47367.39,47376.52,47354.44,47363.53,0.270918,2022-01-01T16:48:00Z
47356.88,47375.38,47356.88,47375.38,0.071702,2022-01-01T16:50:00Z
Open,High,Low,Close,Volume,Timestamp
47384.27,47392.79,47372.03,47392.79,0.099041,2022-01-01T16:51:00Z
47375.47,47375.47,47335.46,47335.46,0.36065,2022-01-01T16:52:00Z
47327.15,47327.15,47307.2,47316.18,0.043198,2022-01-01T16:53:00Z
47322.88,47328.82,47291.07,47291.07,0.830305,2022-01-01T16:54:00Z
47281.83,47309.15,47275.05,47308.85,0.097096,2022-01-01T16:55:00Z
47300.2,47300.2,47276.81,47280.85,0.050577,2022-01-01T16:56:00Z
47276.91,47300.27,47276.91,47300.27,0.189264,2022-01-01T16:57:00Z
47288.88,47292.67,47264.48,47292.67,0.247782,2022-01-01T16:58:00Z
47293.49,47293.49,47271.59,47291.73,0.128941,2022-01-01T16:59:00Z
47287.04,47348.45,47287.04,47348.45,0.103225,2022-01-01T17:00:00Z
47348.16,47362.22,47320.96,47326.38,0.095688,2022-01-01T17:01:00Z
47317.46,47333.74,47317.46,47320.14,0.532174,2022-01-01T17:02:00Z
47320,47355.46,47320,47355.46,0.254811,2022-01-01T17:03:00Z
47347.62,47353.72,47338.59,47350.39,0.392935,2022-01-01T17:04:00Z
47347.95,47377.62,47347.95,47355.06,0.738128,2022-01-01T17:05:00Z
47356.67,47375.24,47332.1,47332.1,0.166107,2022-01-01T17:06:00Z
47327.1,47327.1,47300,47300,0.526428,2022-01-01T17:07:00Z
47297.98,47306.29,47297.98,47304.34,0.044745,2022-01-01T17:08:00Z
47293.09,47293.09,47264.41,47286.26,0.059695,2022-01-01T17:09:00Z
47315.88,47323.48,47291.22,47291.45,0.022938,2022-01-01T17:10:00Z
47286.26,47298.51,47262.59,47262.59,0.125198,2022-01-01T17:11:00Z
47278.56,47290.17,47272.36,47279.46,0.134126,2022-01-01T17:12:00Z
47280.83,47280.83,47247.13,47247.13,0.027076,2022-01-01T17:13:00Z
47253.27,47269.4,47253.27,47258.65,0.025851,2022-01-01T17:14:00Z
47252.95,47272.36,47248.22,47271.43,0.04717,2022-01-01T17:15:00Z
47276.89,47295.42,47261.27,47271.84,0.173516,2022-01-01T17:16:00Z
47266.42,47290.16,47266.26,47273.72,0.037701,2022-01-01T17:17:00Z
47270.66,47295.06,47270.66,47289.38,0.213499,2022-01-01T17:18:00Z
47305.39,47306.74,47275.8,47297.39,0.453687,2022-01-01T17:19:00Z
47304.94,47315.9,47267.45,47296.14,0.498921,2022-01-01T17:20:00Z
47294.53,47303.53,47266.42,47266.42,0.056706,2022-01-01T17:21:00Z
47266.91,47287.13,47264.92,47273.33,0.075632,2022-01-01T17:22:00Z
47270.92,47271.28,47264.95,47269.49,0.040164,2022-01-01T17:23:00Z
47271.14,47293.06,47268.97,47276.79,0.265979,2022-01-01T17:24:00Z
47275.87,47300.03,47264.6,47300.03,0.111519,2022-01-01T17:25:00Z
47300.03,47352.52,47300.03,47341.08,0.467054,2022-01-01T17:26:00Z
47340.56,47344.34,47317.84,47330.02,0.111384,2022-01-01T17:27:00Z
47330.47,47338.17,47326.21,47331.42,0.239877,2022-01-01T17:28:00Z
47331.35,47356.94,47331.35,47345.51,0.543926,2022-01-01T17:29:00Z
47341.55,47356.74,47333.89,47343.16,0.191612,2022-01-01T17:30:00Z
47350,47402.92,47350,47402.92,0.05725,2022-01-01T17:31:00Z
47417.96,47419.29,47403.83,47419.29,0.066581,2022-01-01T17:32:00Z
47422.56,47443.71,47416.41,47418.33,0.695424,2022-01-01T17:33:00Z
47428.72,47457.63,47428.72,47457.63,0.52587,2022-01-01T17:34:00Z
47462.47,47462.47,47418.42,47445.32,0.330999,2022-01-01T17:35:00Z
47446.03,47500.36,47444.4,47493.43,0.394955,2022-01-01T17:36:00Z
47497.34,47507.32,47497.02,47500.23,0.145539,2022-01-01T17:37:00Z
47504.75,47770.64,47504.75,47660.87,12.418942,2022-01-01T17:38:00Z
47641.42,47782.76,47624.77,47725.05,0.847455,2022-01-01T17:39:00Z
47725.05,47850,47725.05,47809.43,5.538456,2022-01-01T17:40:00Z
47847.82,47869.99,47826.29,47869.99,1.463129,2022-01-01T17:41:00Z
47870,47912.12,47859.12,47881.31,0.688228,2022-01-01T17:42:00Z
47859.12,47886.21,47828.91,47850.31,0.161264,2022-01-01T17:43:00Z
47845.57,47910.34,47830.8,47890.17,0.419008,2022-01-01T17:44:00Z
47916.48,47950,47895.3,47906.81,1.483384,2022-01-01T17:45:00Z
47904.68,47935.55,47856.02,47883.57,0.485499,2022-01-01T17:46:00Z
47880.19,47908.54,47880.19,47890.01,0.066598,2022-01-01T17:47:00Z
47877.73,47877.73,47835.37,47841.25,0.30493,2022-01-01T17:48:00Z
47824.42,47824.73,47748.69,47786,0.531285,2022-01-01T17:49:00Z
47788.22,47828.01,47780.47,47797.82,0.246629,2022-01-01T17:50:00Z
47787.36,47810.62,47770.36,47810.62,0.807058,2022-01-01T17:51:00Z
47842.56,47859.82,47820.51,47839.68,0.062342,2022-01-01T17:52:00Z
47836.4,47836.5,47785.08,47785.08,0.161815,2022-01-01T17:53:00Z
47787.89,47822.19,47787.89,47797.77,0.045556,2022-01-01T17:54:00Z
47790.05,47799.52,47775.04,47775.04,0.06069,2022-01-01T17:55:00Z
47754.69,47755.19,47698.25,47701.64,0.635635,2022-01-01T17:56:00Z
47704.48,47727.32,47699.59,47711.87,0.888446,2022-01-01T17:57:00Z
47701.06,47763.18,47700.65,47763.18,0.193802,2022-01-01T17:58:00Z
47756.29,47778.16,47756.29,47764.58,0.095506,2022-01-01T17:59:00Z
47765.55,47807.91,47765.55,47783.96,0.134045,2022-01-01T18:00:00Z
47770.32,47783.96,47716.83,47726.14,0.212271,2022-01-01T18:01:00Z
47717.36,47761.78,47689.01,47752.22,1.619817,2022-01-01T18:02:00Z
47743.91,47752.22,47736.77,47747.27,0.128819,2022-01-01T18:03:00Z
47745.04,47745.04,47714.31,47714.31,0.130253,2022-01-01T18:04:00Z
47711.9,47742.3,47710.15,47737.1,0.303608,2022-01-01T18:05:00Z
47728.18,47788.83,47728.18,47763.9,0.461624,2022-01-01T18:06:00Z
47764.14,47764.14,47750.59,47752.34,1.627976,2022-01-01T18:07:00Z
47764.56,47800.64,47764.56,47786.84,0.315584,2022-01-01T18:08:00Z
47790.13,47821.44,47775.58,47817.23,0.551536,2022-01-01T18:09:00Z
47832.89,47844.31,47776.18,47795.22,0.439943,2022-01-01T18:10:00Z
47795.22,47820.91,47792.35,47792.35,0.452744,2022-01-01T18:11:00Z
47794.81,47806.8,47768.75,47777.26,0.22915,2022-01-01T18:12:00Z
47768.26,47768.26,47745.43,47745.43,0.080092,2022-01-01T18:13:00Z
47761.84,47761.84,47739.7,47761.76,0.025699,2022-01-01T18:14:00Z
47761.76,47789.46,47757.54,47757.54,0.244605,2022-01-01T18:15:00Z
47762.48,47762.48,47741.11,47741.11,0.016253,2022-01-01T18:16:00Z
47737.56,47737.56,47705.56,47710.8,0.035707,2022-01-01T18:17:00Z
47700,47705.95,47674.82,47700.27,0.377285,2022-01-01T18:18:00Z
47710.3,47710.3,47653.06,47665.4,0.325076,2022-01-01T18:19:00Z
47674.67,47728.04,47674.67,47689.02,0.84128,2022-01-01T18:20:00Z
47677.16,47712.8,47677.16,47697.61,0.071171,2022-01-01T18:21:00Z
47697.39,47703.18,47685.67,47685.67,0.069048,2022-01-01T18:22:00Z
47691.23,47709.64,47691.23,47704.48,0.073246,2022-01-01T18:23:00Z
47705.75,47705.75,47700.7,47701.66,0.001873,2022-01-01T18:24:00Z
47702.69,47704.68,47688.14,47696.22,0.154563,2022-01-01T18:25:00Z
47696.21,47696.21,47650.6,47650.6,0.076214,2022-01-01T18:26:00Z
47653.49,47653.49,47622.04,47637.51,0.339232,2022-01-01T18:27:00Z
47634.15,47655.47,47634.15,47655.47,0.072985,2022-01-01T18:28:00Z
47663.69,47663.69,47634.89,47659.24,0.084744,2022-01-01T18:29:00Z
47660.63,47664.82,47643.2,47650,0.245068,2022-01-01T18:30:00Z
47663.99,47666.38,47632.89,47645.17,0.74054,2022-01-01T18:31:00Z
47649.13,47653.97,47566.89,47571.25,5.414455,2022-01-01T18:32:00Z
47571.25,47574.65,47504.38,47504.38,0.396529,2022-01-01T18:33:00Z
47521.81,47523.32,47468.08,47485.72,0.610094,2022-01-01T18:34:00Z
47515.31,47530.89,47428.89,47453.41,1.248997,2022-01-01T18:35:00Z
47473.9,47504.9,47473.9,47475.35,0.30081,2022-01-01T18:36:00Z
47475.35,47530.8,47473.07,47523.42,0.117017,2022-01-01T18:37:00Z
47512.82,47512.82,47464.24,47512.81,0.828785,2022-01-01T18:38:00Z
47516.47,47519.93,47476.25,47476.25,0.201,2022-01-01T18:39:00Z
47497.3,47512.76,47497.3,47512.76,0.022674,2022-01-01T18:40:00Z
47525.97,47535.39,47517.73,47529.5,0.019368,2022-01-01T18:41:00Z
47529.5,47529.5,47524.12,47524.12,0.132215,2022-01-01T18:42:00Z
47505.16,47505.16,47499.52,47499.52,0.069238,2022-01-01T18:43:00Z
47495.52,47495.52,47454.42,47478.13,0.943363,2022-01-01T18:44:00Z
47480.28,47487.84,47453.41,47487.84,0.193153,2022-01-01T18:45:00Z
47495.55,47498.22,47495.55,47496.49,0.014999,2022-01-01T18:46:00Z
47521.97,47564.87,47521.97,47530.8,1.296655,2022-01-01T18:47:00Z
47537.72,47539.84,47500,47527.2,1.650721,2022-01-01T18:48:00Z
47527.2,47530.8,47522.89,47530.8,0.091477,2022-01-01T18:49:00Z
47529.06,47539.55,47524.31,47539.55,0.155863,2022-01-01T18:50:00Z
47542.32,47551.68,47539.55,47546.34,0.015209,2022-01-01T18:51:00Z
47559.52,47559.83,47537.3,47541.93,0.305972,2022-01-01T18:52:00Z
47546.57,47546.57,47537.3,47538.96,0.014609,2022-01-01T18:53:00Z
47549.76,47549.93,47491.41,47518.39,0.241913,2022-01-01T18:54:00Z
47502.35,47593.37,47492.62,47593.37,0.888775,2022-01-01T18:55:00Z
47597.99,47631.84,47593.37,47630.92,0.280236,2022-01-01T18:56:00Z
47630.92,47644.08,47606.83,47617.67,0.646331,2022-01-01T18:57:00Z
47616.66,47624.55,47554.4,47554.4,0.120289,2022-01-01T18:58:00Z
47554.4,47573.51,47535.11,47572.3,0.088728,2022-01-01T18:59:00Z
47587.94,47614.99,47587.94,47609.19,0.072666,2022-01-01T19:00:00Z
47614.95,47614.95,47612.38,47612.68,0.023223,2022-01-01T19:01:00Z
47612.61,47612.61,47565.87,47594.76,0.243213,2022-01-01T19:02:00Z
47594.76,47623.76,47594.76,47605.19,0.22199,2022-01-01T19:03:00Z
47615.89,47615.89,47585.5,47596.96,0.074483,2022-01-01T19:04:00Z
47599.62,47630.96,47599.62,47604.64,0.3002,2022-01-01T19:05:00Z
47607.79,47620.73,47607.79,47610.4,0.096107,2022-01-01T19:06:00Z
47599.66,47610.4,47599.62,47610.4,0.117492,2022-01-01T19:07:00Z
47610.4,47610.4,47538.09,47556.97,1.051448,2022-01-01T19:08:00Z
47553,47565.71,47533.47,47539.75,0.39838,2022-01-01T19:09:00Z
47550,47579.56,47545.24,47566.35,0.529074,2022-01-01T19:10:00Z
47568.73,47569.74,47523.6,47528.7,0.556017,2022-01-01T19:11:00Z
47525.14,47546.08,47524.3,47544.65,0.147575,2022-01-01T19:12:00Z
47531.74,47531.74,47501.95,47530.21,0.277621,2022-01-01T19:13:00Z
47512.52,47519.5,47510.5,47510.5,0.026372,2022-01-01T19:14:00Z
47525.54,47525.54,47452.36,47452.36,0.509091,2022-01-01T19:15:00Z
47465.73,47491.86,47456.24,47473.62,0.090887,2022-01-01T19:16:00Z
47464.25,47482.27,47462,47468.9,0.052014,2022-01-01T19:17:00Z
47468.9,47468.9,47448.77,47463.9,0.03336,2022-01-01T19:18:00Z
47481.07,47482.75,47457.58,47473.61,0.075278,2022-01-01T19:19:00Z
47472.67,47500.18,47469.15,47500.08,0.13341,2022-01-01T19:20:00Z
47496.29,47500.17,47470.86,47474.98,0.098364,2022-01-01T19:21:00Z
47479.36,47496.64,47468.28,47472.58,0.029977,2022-01-01T19:22:00Z
47470.39,47470.64,47450.25,47461.65,0.117446,2022-01-01T19:23:00Z
47448.94,47448.94,47359.21,47407.41,1.358527,2022-01-01T19:24:00Z
47405.76,47415.29,47380.39,47400.1,0.096224,2022-01-01T19:25:00Z
47410.7,47424.56,47393.31,47406.32,0.202917,2022-01-01T19:26:00Z
47402.24,47402.24,47397.49,47397.49,0.006728,2022-01-01T19:27:00Z
47402.02,47402.02,47363.99,47386.74,0.219355,2022-01-01T19:28:00Z
47387.28,47399.05,47352.94,47391.77,0.404034,2022-01-01T19:29:00Z
47401.68,47427.11,47401.35,47407.62,0.056412,2022-01-01T19:30:00Z
47412.74,47413.82,47387.82,47387.82,0.173203,2022-01-01T19:31:00Z
47391.12,47393.66,47360.09,47365.05,0.270294,2022-01-01T19:32:00Z
47373.36,47373.36,47355.31,47370.41,0.206044,2022-01-01T19:33:00Z
47379.14,47379.14,47342.33,47363.47,0.397078,2022-01-01T19:34:00Z
47369.64,47371.18,47340.31,47350.7,0.364924,2022-01-01T19:35:00Z
47355.56,47380.47,47355.56,47370.98,0.212254,2022-01-01T19:36:00Z
47370.89,47370.89,47355.81,47355.81,0.260606,2022-01-01T19:37:00Z
47356.03,47361.07,47318.66,47338.61,0.655608,2022-01-01T19:38:00Z
47343.12,47349.54,47335.74,47348.48,0.116779,2022-01-01T19:39:00Z
47336.99,47354.37,47332.01,47332.01,0.349411,2022-01-01T19:40:00Z
47333.14,47344.33,47316.15,47317.92,1.238221,2022-01-01T19:41:00Z
47314.56,47360.42,47314.56,47360.42,0.822151,2022-01-01T19:42:00Z
47368.48,47387.5,47351.44,47365,0.502815,2022-01-01T19:43:00Z
47355.09,47355.09,47327.67,47340.99,0.55443,2022-01-01T19:44:00Z
47343.36,47343.36,47325.3,47328.82,0.209787,2022-01-01T19:45:00Z
47328.82,47332.58,47328.82,47332.58,0.067768,2022-01-01T19:46:00Z
47336.64,47344.5,47300,47300,2.537974,2022-01-01T19:47:00Z
47307.23,47320.29,47304.04,47307.23,0.37964,2022-01-01T19:48:00Z
47311.24,47332.55,47307.71,47332.55,0.469688,2022-01-01T19:49:00Z
47337.94,47337.94,47337.94,47337.94,0.03097,2022-01-01T19:50:00Z
47350.87,47355.09,47338.36,47347.64,0.025638,2022-01-01T19:51:00Z
47339.22,47339.22,47326.8,47332.07,0.180844,2022-01-01T19:52:00Z
47324.26,47332.37,47307.23,47307.23,0.222018,2022-01-01T19:53:00Z
47310.25,47324.2,47310.25,47316.88,0.084308,2022-01-01T19:54:00Z
47321.69,47346.91,47321.69,47346.91,0.016869,2022-01-01T19:55:00Z
47347.88,47358.81,47318.6,47318.6,0.206878,2022-01-01T19:56:00Z
47320.12,47353.99,47320.12,47353.99,0.019923,2022-01-01T19:57:00Z
47350,47352.11,47343.34,47343.34,0.04796,2022-01-01T19:58:00Z
47330.18,47343.21,47330.18,47340.86,0.023478,2022-01-01T19:59:00Z
47353.99,47353.99,47338.76,47338.76,0.223551,2022-01-01T20:00:00Z
47346.42,47353.99,47342.45,47347.46,0.138118,2022-01-01T20:01:00Z
47346.67,47350.34,47319.74,47339.43,0.183735,2022-01-01T20:02:00Z
47325.06,47325.06,47306.35,47320.11,0.227792,2022-01-01T20:03:00Z
47311.14,47324.74,47307.36,47324.74,0.082157,2022-01-01T20:04:00Z
47324.74,47361.38,47324.74,47350.43,0.047265,2022-01-01T20:05:00Z
47347.59,47356.15,47347.59,47356.15,0.01024,2022-01-01T20:06:00Z
47359.71,47359.71,47350,47350,0.074058,2022-01-01T20:07:00Z
47350,47350.79,47331.05,47350.67,0.919084,2022-01-01T20:08:00Z
47354.36,47354.36,47354.36,47354.36,0.011225,2022-01-01T20:09:00Z
47364.65,47365.15,47314.2,47335.51,0.59246,2022-01-01T20:10:00Z
47334.35,47337.97,47328.3,47336.58,0.217689,2022-01-01T20:11:00Z
47341.7,47341.7,47313.33,47320.22,0.074452,2022-01-01T20:12:00Z
47306.74,47331.04,47306.42,47331.04,0.185413,2022-01-01T20:13:00Z
47331.04,47336.6,47329.17,47336.07,0.113981,2022-01-01T20:14:00Z
47321.68,47321.68,47267.83,47289.39,0.345968,2022-01-01T20:15:00Z
47281.46,47291.02,47281.46,47291.02,0.096956,2022-01-01T20:16:00Z
47300,47316.24,47288.61,47316.24,0.112972,2022-01-01T20:17:00Z
47314.89,47338.89,47314.89,47334.12,0.051156,2022-01-01T20:18:00Z
47348.39,47348.39,47329.48,47344.64,0.014169,2022-01-01T20:19:00Z
47331.79,47348.39,47331.79,47348.24,0.260943,2022-01-01T20:20:00Z
47338.32,47378.45,47333.58,47378.45,0.24347,2022-01-01T20:21:00Z
47361.38,47367.1,47350.73,47360.89,0.005871,2022-01-01T20:22:00Z
47359.73,47381.45,47359.73,47375.16,0.160211,2022-01-01T20:23:00Z
47377.32,47415.61,47377.32,47415.61,0.174595,2022-01-01T20:24:00Z
47413.23,47450.79,47396.14,47415.72,1.662014,2022-01-01T20:25:00Z
47407.57,47410.83,47400,47410.8,0.977492,2022-01-01T20:26:00Z
47399.89,47411.67,47399.89,47411.67,0.005224,2022-01-01T20:27:00Z
47418.26,47431.49,47405.11,47431.49,0.227234,2022-01-01T20:28:00Z
47422.81,47442.28,47422.81,47426.64,0.035121,2022-01-01T20:29:00Z
47422.81,47538.87,47416.76,47530.96,1.982162,2022-01-01T20:30:00Z
47531.83,47567.34,47522.13,47567.34,0.471604,2022-01-01T20:31:00Z
47546.76,47571.9,47524.37,47532.22,0.139906,2022-01-01T20:32:00Z
47533.75,47533.75,47533.75,47533.75,0.003149,2022-01-01T20:33:00Z
47538.26,47548.36,47519.83,47544.32,0.114924,2022-01-01T20:34:00Z
47532.52,47534.43,47515.65,47534.43,0.056844,2022-01-01T20:35:00Z
47546.18,47575,47525.41,47525.41,0.055843,2022-01-01T20:36:00Z
47525.41,47525.41,47475.85,47492.95,0.400219,2022-01-01T20:37:00Z
47490.25,47496.97,47452.38,47496.97,0.264287,2022-01-01T20:38:00Z
47475.03,47493.86,47450.03,47454.82,0.064911,2022-01-01T20:39:00Z
47460.78,47460.78,47443.02,47443.26,0.583859,2022-01-01T20:40:00Z
47448.3,47448.3,47427.57,47437.43,0.045367,2022-01-01T20:41:00Z
47442.33,47442.33,47422.88,47422.88,0.115924,2022-01-01T20:42:00Z
47424.75,47431.1,47415.68,47431.1,0.062984,2022-01-01T20:43:00Z
47422.96,47426.93,47400,47419.2,0.044728,2022-01-01T20:44:00Z
47414.7,47442.16,47414.7,47439.21,1.306495,2022-01-01T20:45:00Z
47438.66,47462.98,47417.59,47460.39,1.605253,2022-01-01T20:46:00Z
47478.53,47478.53,47445.83,47468.28,1.706605,2022-01-01T20:47:00Z
47465.71,47465.71,47432.63,47432.63,1.118838,2022-01-01T20:48:00Z
47432.48,47432.48,47397.53,47397.53,0.207337,2022-01-01T20:49:00Z
47403.55,47408.39,47399.09,47405.32,0.015504,2022-01-01T20:50:00Z
47388.02,47388.02,47369.76,47375.46,0.014948,2022-01-01T20:51:00Z
47383.65,47409.05,47383.65,47401.08,0.430343,2022-01-01T20:52:00Z
47404.54,47404.55,47388.78,47404.35,0.110172,2022-01-01T20:53:00Z
47388.43,47408.45,47388.43,47390.59,0.012222,2022-01-01T20:54:00Z
47401.97,47404.11,47401.41,47404.11,0.047965,2022-01-01T20:55:00Z
47413.51,47420,47400.47,47420,0.136563,2022-01-01T20:56:00Z
47437.56,47437.56,47417.69,47419.64,0.13736,2022-01-01T20:57:00Z
47429.43,47451.89,47429.43,47450.73,0.141031,2022-01-01T20:58:00Z
47439,47439,47408.97,47408.97,0.216554,2022-01-01T20:59:00Z
47411.47,47436.72,47408.34,47436.34,0.204289,2022-01-01T21:00:00Z
47431.28,47435.75,47421.45,47421.45,0.007939,2022-01-01T21:01:00Z
47417.92,47417.92,47393.44,47403.32,0.039847,2022-01-01T21:02:00Z
47403.32,47403.32,47387.08,47398.18,0.091986,2022-01-01T21:03:00Z
47398.39,47420.48,47393.53,47418.1,0.049908,2022-01-01T21:04:00Z
47420.23,47420.49,47419.94,47420.49,0.003893,2022-01-01T21:05:00Z
47420.49,47436.04,47420.49,47436.04,0.111744,2022-01-01T21:06:00Z
47438.81,47438.81,47413.54,47413.54,0.164675,2022-01-01T21:07:00Z
47413.44,47413.44,47393,47405.49,0.06725,2022-01-01T21:08:00Z
47412.98,47420.64,47412.18,47412.18,0.052727,2022-01-01T21:09:00Z
47419.87,47419.87,47414.99,47414.99,0.006737,2022-01-01T21:10:00Z
47418.42,47450.56,47418.42,47446.73,0.091191,2022-01-01T21:11:00Z
47446.38,47474.94,47435.28,47465.89,0.260269,2022-01-01T21:12:00Z
47451.58,47470.65,47451.58,47459.5,0.142019,2022-01-01T21:13:00Z
47462.02,47543.89,47458.79,47543.89,3.811825,2022-01-01T21:14:00Z
47525.64,47525.64,47503.7,47517.66,0.49266,2022-01-01T21:15:00Z
47517.66,47547.72,47515.28,47541.52,0.343858,2022-01-01T21:16:00Z
47541.52,47541.52,47503.77,47503.77,0.117283,2022-01-01T21:17:00Z
47502.58,47510.84,47497.74,47510.77,0.191931,2022-01-01T21:18:00Z
47508.13,47508.13,47461.19,47461.19,0.158768,2022-01-01T21:19:00Z
47472.45,47476.01,47434.71,47442.41,0.200473,2022-01-01T21:20:00Z
47448,47463.47,47448,47463.47,0.043245,2022-01-01T21:21:00Z
47463.47,47463.47,47450.66,47450.66,0.015958,2022-01-01T21:22:00Z
47461.67,47461.67,47461.67,47461.67,0.0011,2022-01-01T21:23:00Z
47453.31,47453.31,47435.26,47437.64,0.502902,2022-01-01T21:24:00Z
47437.24,47437.24,47417.46,47432.49,0.177649,2022-01-01T21:25:00Z
47427.86,47434.11,47408.32,47408.32,0.087299,2022-01-01T21:26:00Z
47401.27,47401.27,47362.37,47362.37,0.156053,2022-01-01T21:27:00Z
47362.3,47375.76,47359.44,47367.73,0.027338,2022-01-01T21:28:00Z
47371.68,47371.68,47362.95,47362.95,0.031826,2022-01-01T21:29:00Z
47375.76,47375.76,47373.39,47375.76,0.00621,2022-01-01T21:30:00Z
47369.23,47375.75,47362.85,47365.63,0.010285,2022-01-01T21:31:00Z
47373.91,47448.61,47373.91,47439.47,3.27668,2022-01-01T21:32:00Z
47439.47,47464.25,47429.59,47464.25,0.712104,2022-01-01T21:33:00Z
47448.56,47448.56,47410.05,47446.4,0.25093,2022-01-01T21:34:00Z
47428.98,47503.13,47420.72,47503.13,2.149962,2022-01-01T21:35:00Z
47487.71,47503.13,47487.71,47502.18,0.112055,2022-01-01T21:36:00Z
47486.85,47486.85,47484.78,47484.78,0.00337,2022-01-01T21:37:00Z
47463.15,47463.15,47458.91,47462.3,0.156523,2022-01-01T21:38:00Z
47456.78,47456.78,47446.76,47451.48,0.010506,2022-01-01T21:39:00Z
47453.67,47481.52,47450,47472.3,0.684468,2022-01-01T21:40:00Z
47457.91,47457.91,47457.71,47457.71,0.02997,2022-01-01T21:41:00Z
47452.46,47452.46,47416.41,47452.46,0.902522,2022-01-01T21:42:00Z
47465.04,47465.04,47442.02,47442.02,0.006311,2022-01-01T21:43:00Z
47466.05,47476.54,47460.45,47466.41,0.507188,2022-01-01T21:44:00Z
47449.19,47472.87,47449.19,47472.87,0.134398,2022-01-01T21:45:00Z
47472.02,47472.02,47442.02,47442.02,0.014116,2022-01-01T21:46:00Z
47442.02,47442.02,47400.2,47400.2,0.631054,2022-01-01T21:47:00Z
47349.7,47364.68,47300,47300,0.291774,2022-01-01T21:48:00Z
47292.11,47326.4,47292.11,47318.23,0.426294,2022-01-01T21:49:00Z
47305.45,47305.45,47273.41,47289.31,0.087407,2022-01-01T21:50:00Z
47302.77,47305.45,47277.52,47277.52,0.023682,2022-01-01T21:51:00Z
47287.15,47296.65,47287.15,47296.65,0.003351,2022-01-01T21:52:00Z
47290.59,47296.65,47286.46,47291.44,0.060707,2022-01-01T21:53:00Z
47300.23,47305.08,47298.03,47298.03,0.067958,2022-01-01T21:54:00Z
47286.46,47305.02,47283.31,47304.58,0.018264,2022-01-01T21:55:00Z
47293.05,47336.82,47290.96,47317.55,0.376376,2022-01-01T21:56:00Z
47330.81,47330.81,47308.83,47310.73,0.509409,2022-01-01T21:57:00Z
47310.55,47320.3,47302.4,47302.4,0.261112,2022-01-01T21:58:00Z
47311.6,47322.33,47300.88,47322.33,0.389249,2022-01-01T21:59:00Z
47327.71,47359.28,47327.71,47356.19,0.055897,2022-01-01T22:00:00Z
47371.79,47371.79,47301.58,47332.56,0.982136,2022-01-01T22:01:00Z
47334.34,47371.79,47334.34,47361.09,0.012412,2022-01-01T22:02:00Z
47371.79,47372.5,47367.51,47372.5,0.00671,2022-01-01T22:03:00Z
47369.99,47369.99,47345.07,47367.63,0.200372,2022-01-01T22:04:00Z
47358.99,47375.22,47351.39,47375.22,0.40064,2022-01-01T22:05:00Z
47375.22,47375.22,47358.75,47362.29,0.176354,2022-01-01T22:06:00Z
47362.45,47362.45,47335.55,47336.08,0.027232,2022-01-01T22:07:00Z
47328.27,47330.55,47323.04,47330.51,0.05871,2022-01-01T22:08:00Z
47316,47339.92,47316,47331.22,0.281972,2022-01-01T22:09:00Z
47325.2,47331.37,47321.92,47331.37,0.022807,2022-01-01T22:10:00Z
47331.37,47340.59,47324.23,47335.89,0.148006,2022-01-01T22:11:00Z
47335.78,47338.79,47244.89,47265.88,1.694658,2022-01-01T22:12:00Z
47265.88,47284.8,47264.56,47264.89,0.712304,2022-01-01T22:13:00Z
47276.77,47284.8,47266.07,47278.23,0.530682,2022-01-01T22:14:00Z
47281.66,47298.45,47280.19,47298.45,0.087788,2022-01-01T22:15:00Z
47302.51,47302.51,47295.36,47295.36,0.005078,2022-01-01T22:16:00Z
47287.96,47302.51,47279.26,47301.23,0.270208,2022-01-01T22:17:00Z
47295.93,47304.18,47295.93,47304.18,0.691124,2022-01-01T22:18:00Z
47313.48,47313.48,47307.25,47307.25,0.067063,2022-01-01T22:19:00Z
47307.25,47307.25,47301.23,47304.93,1.02727,2022-01-01T22:20:00Z
47302.31,47302.31,47284.47,47284.47,0.012556,2022-01-01T22:21:00Z
47302.45,47305.98,47292.68,47299.65,0.007456,2022-01-01T22:22:00Z
47286.8,47299.89,47285.24,47298.89,0.015996,2022-01-01T22:23:00Z
47299.99,47346.79,47299.98,47346.79,0.9223,2022-01-01T22:24:00Z
47341.33,47367.54,47320.47,47347.54,0.549957,2022-01-01T22:25:00Z
47344.52,47363.74,47344.52,47351.7,0.011307,2022-01-01T22:26:00Z
47417.76,47450.53,47400.01,47419.06,7.457746,2022-01-01T22:27:00Z
47409.21,47409.21,47409.19,47409.19,0.049354,2022-01-01T22:28:00Z
47405.2,47405.2,47398.36,47398.36,0.003595,2022-01-01T22:29:00Z
47413.33,47413.33,47413.33,47413.33,0.01055,2022-01-01T22:31:00Z
47404.41,47413.84,47401.32,47401.32,0.012396,2022-01-01T22:32:00Z
47403.08,47403.08,47401.07,47403.01,0.023517,2022-01-01T22:33:00Z
47407.09,47407.09,47407.05,47407.05,0.003591,2022-01-01T22:34:00Z
47407.06,47436.15,47403.38,47436.15,0.02516,2022-01-01T22:35:00Z
47467.18,47467.18,47467.18,47467.18,0.000213,2022-01-01T22:36:00Z
47470.34,47477.2,47470.34,47470.34,0.010841,2022-01-01T22:37:00Z
47470.34,47490,47470.34,47490,0.048902,2022-01-01T22:38:00Z
47491.73,47491.73,47471.39,47476.3,0.119707,2022-01-01T22:39:00Z
47473.98,47473.98,47464.03,47464.03,0.005301,2022-01-01T22:40:00Z
47464.03,47464.54,47460.9,47464.54,0.002707,2022-01-01T22:41:00Z
47464.04,47464.04,47464.04,47464.04,0.001052,2022-01-01T22:42:00Z
47464.03,47464.03,47449.62,47449.62,0.218508,2022-01-01T22:43:00Z
47448.96,47455.12,47447.62,47455.12,0.288255,2022-01-01T22:44:00Z
47463.65,47480,47463.65,47474.39,0.125564,2022-01-01T22:45:00Z
47476.79,47500,47476.79,47500,0.179322,2022-01-01T22:46:00Z
47484.32,47499.99,47468.74,47474.25,0.429853,2022-01-01T22:47:00Z
47488.02,47498.97,47469.05,47469.05,0.320458,2022-01-01T22:48:00Z
47483.32,47487.29,47462.44,47468.25,0.053845,2022-01-01T22:49:00Z
47470.26,47470.26,47470.26,47470.26,0.004012,2022-01-01T22:50:00Z
47487.95,47487.96,47487.94,47487.95,0.111332,2022-01-01T22:51:00Z
47438.53,47442.58,47422.96,47422.96,0.02998,2022-01-01T22:52:00Z
47410.89,47415.12,47410.89,47415.12,0.001628,2022-01-01T22:53:00Z
47458.53,47493.06,47449.69,47481.82,0.38113,2022-01-01T22:54:00Z
47457.16,47480,47445.93,47480,0.031032,2022-01-01T22:55:00Z
47420.73,47447.36,47420.73,47435.64,0.011166,2022-01-01T22:56:00Z
47457,47479.99,47453.17,47478.37,0.112063,2022-01-01T22:57:00Z
47460.01,47460.01,47437.4,47458.25,0.001636,2022-01-01T22:58:00Z
47443.66,47460.99,47443.66,47460.99,0.008234,2022-01-01T22:59:00Z
47466.7,47466.7,47452.04,47452.04,0.015312,2022-01-01T23:00:00Z
47414.62,47424.8,47323.81,47323.81,0.104107,2022-01-01T23:01:00Z
47352,47372.15,47349.66,47349.66,0.120272,2022-01-01T23:02:00Z
47346.13,47346.13,47309.02,47346.09,0.119899,2022-01-01T23:03:00Z
47349.76,47364.01,47298.23,47347.1,0.230614,2022-01-01T23:04:00Z
47349.33,47384.19,47332.61,47384.19,0.220245,2022-01-01T23:05:00Z
47367.55,47397.7,47367.55,47397.7,0.018435,2022-01-01T23:06:00Z
47395.44,47446.99,47395.44,47426.63,0.154704,2022-01-01T23:07:00Z
47443.66,47443.66,47396.29,47407.97,0.112747,2022-01-01T23:08:00Z
47392.28,47400.53,47371.89,47395.96,0.026499,2022-01-01T23:09:00Z
47397.04,47424.98,47397.04,47423.03,0.039281,2022-01-01T23:10:00Z
47423.03,47423.03,47372.98,47377.96,0.062565,2022-01-01T23:11:00Z
47382.36,47407.75,47382.33,47401.65,0.060808,2022-01-01T23:12:00Z
47396.43,47396.43,47362.13,47362.13,0.108046,2022-01-01T23:13:00Z
47362.13,47379.38,47346.03,47346.03,0.493545,2022-01-01T23:14:00Z
47361.71,47377.45,47345.85,47354.16,0.039124,2022-01-01T23:15:00Z
47350.92,47387.72,47346.18,47382.12,0.073554,2022-01-01T23:16:00Z
47379.2,47419.1,47379.2,47419.1,0.016844,2022-01-01T23:17:00Z
47425.12,47432.91,47425.12,47432.91,0.047329,2022-01-01T23:18:00Z
47431.45,47431.45,47428.72,47430.46,0.009286,2022-01-01T23:19:00Z
47429.48,47430,47407.21,47422.81,0.097754,2022-01-01T23:20:00Z
47407.11,47420.64,47368.99,47381.6,0.15307,2022-01-01T23:21:00Z
47385.69,47385.69,47356.85,47374,0.045248,2022-01-01T23:22:00Z
47374,47387.72,47374,47387.72,0.028807,2022-01-01T23:23:00Z
47399.95,47448.58,47399.95,47448.58,0.119776,2022-01-01T23:24:00Z
47461.47,47487.17,47461.47,47474.04,0.044331,2022-01-01T23:25:00Z
47485.84,47485.84,47450,47482.5,0.268995,2022-01-01T23:26:00Z
47479.32,47492.01,47448.58,47448.58,0.511627,2022-01-01T23:27:00Z
47448.58,47448.58,47432.3,47448.58,0.012591,2022-01-01T23:28:00Z
47438.75,47456.59,47438.75,47456.59,0.035167,2022-01-01T23:29:00Z
47433.34,47440.46,47414.92,47433.38,0.035403,2022-01-01T23:30:00Z
47415.44,47431.23,47393.47,47393.47,0.023943,2022-01-01T23:31:00Z
47397.87,47455.17,47397.87,47445.17,0.061581,2022-01-01T23:32:00Z
47463.9,47469.07,47456.91,47456.91,0.014915,2022-01-01T23:33:00Z
47456.91,47500,47456.91,47500,3.392345,2022-01-01T23:34:00Z
47500,47524.35,47500,47521.77,2.076201,2022-01-01T23:35:00Z
47531.83,47602.74,47531.83,47573.78,0.339917,2022-01-01T23:36:00Z
47591.95,47591.95,47563.47,47563.47,0.0116,2022-01-01T23:37:00Z
47575.36,47588.96,47557.84,47588.96,0.012671,2022-01-01T23:38:00Z
47563.35,47565.69,47548.2,47562.04,0.006352,2022-01-01T23:39:00Z
47550.45,47550.45,47545.26,47545.26,0.048288,2022-01-01T23:40:00Z
47522.63,47543,47522.63,47539.82,0.159727,2022-01-01T23:41:00Z
47541.55,47553.49,47541.55,47553.49,0.106585,2022-01-01T23:42:00Z
47545.91,47580.85,47545.91,47547.78,0.105106,2022-01-01T23:43:00Z
47538.59,47548.13,47517.2,47517.21,0.03073,2022-01-01T23:44:00Z
47513.26,47552.01,47513.26,47531.05,0.154594,2022-01-01T23:45:00Z
47521.64,47523.4,47520.29,47520.29,0.010354,2022-01-01T23:46:00Z
47547.19,47585.93,47547.19,47577.04,0.161198,2022-01-01T23:47:00Z
47585.67,47585.67,47575,47579.78,0.633582,2022-01-01T23:48:00Z
47579.77,47589.35,47574.04,47589.35,0.670456,2022-01-01T23:49:00Z
47579.15,47579.16,47566.3,47566.3,0.055799,2022-01-01T23:50:00Z
47572.92,47576.29,47570.23,47570.23,0.141535,2022-01-01T23:51:00Z
47550.76,47562.9,47550.76,47562.9,0.009225,2022-01-01T23:52:00Z
47565.79,47570.39,47554.81,47570.39,0.037883,2022-01-01T23:53:00Z
47570.39,47823.37,47570.39,47716.41,8.03302,2022-01-01T23:54:00Z
47692.56,47775.51,47685.8,47729.82,3.662216,2022-01-01T23:55:00Z
47750.24,47750.24,47748.28,47749.69,0.028479,2022-01-01T23:56:00Z
47762.26,47807.84,47729.8,47788.85,0.171628,2022-01-01T23:57:00Z
47770.49,47770.49,47748.63,47748.63,0.042512,2022-01-01T23:58:00Z
47750.9,47760.26,47727.8,47727.8,0.159726,2022-01-01T23:59:00Z
47725.98,47768.64,47711.07,47750.76,0.472858,2022-01-02T00:00:00Z
